date	day_percentage	feature
2022-04-27	0.0006000000000000001	kPrivacySandboxAdsAPIs
2022-04-28	0.00030000000000000003	kPrivacySandboxAdsAPIs
2022-04-29	0.0037000000000000006	kPrivacySandboxAdsAPIs
2022-04-30	0.0034	kPrivacySandboxAdsAPIs
2022-05-01	0.004900000000000001	kPrivacySandboxAdsAPIs
2022-05-02	0.0055000000000000005	kPrivacySandboxAdsAPIs
2022-05-03	0.005200000000000001	kPrivacySandboxAdsAPIs
2022-05-04	0.0077	kPrivacySandboxAdsAPIs
2022-05-05	0.0073	kPrivacySandboxAdsAPIs
2022-05-06	0.006500000000000001	kPrivacySandboxAdsAPIs
2022-05-07	0.0416	kPrivacySandboxAdsAPIs
2022-05-08	0.0452	kPrivacySandboxAdsAPIs
2022-05-09	0.19669999999999999	kPrivacySandboxAdsAPIs
2022-05-10	0.22700000000000004	kPrivacySandboxAdsAPIs
2022-05-11	0.24489999999999998	kPrivacySandboxAdsAPIs
2022-05-12	0.2506	kPrivacySandboxAdsAPIs
2022-05-13	0.35669999999999996	kPrivacySandboxAdsAPIs
2022-05-14	0.3084	kPrivacySandboxAdsAPIs
2022-05-15	0.25739999999999996	kPrivacySandboxAdsAPIs
2022-05-16	0.3082	kPrivacySandboxAdsAPIs
2022-05-17	0.2662	kPrivacySandboxAdsAPIs
2022-05-18	0.3564	kPrivacySandboxAdsAPIs
2022-05-19	0.3413	kPrivacySandboxAdsAPIs
2022-05-20	0.37829999999999997	kPrivacySandboxAdsAPIs
2022-05-21	0.5077	kPrivacySandboxAdsAPIs
2022-05-22	0.548	kPrivacySandboxAdsAPIs
2022-05-23	0.6542	kPrivacySandboxAdsAPIs
2022-05-24	0.45230000000000004	kPrivacySandboxAdsAPIs
2022-05-25	0.1003	kPrivacySandboxAdsAPIs
2022-05-26	0.0353	kPrivacySandboxAdsAPIs
2022-05-27	0.6970000000000001	kPrivacySandboxAdsAPIs
2022-05-28	0.8041999999999999	kPrivacySandboxAdsAPIs
2022-05-29	0.8277999999999999	kPrivacySandboxAdsAPIs
2022-05-30	0.9302999999999999	kPrivacySandboxAdsAPIs
2022-05-31	0.9048999999999999	kPrivacySandboxAdsAPIs
2022-06-01	0.8987999999999999	kPrivacySandboxAdsAPIs
2022-06-02	0.9112	kPrivacySandboxAdsAPIs
2022-06-03	0.8830000000000001	kPrivacySandboxAdsAPIs
2022-06-04	0.8676999999999999	kPrivacySandboxAdsAPIs
2022-06-05	0.8817999999999999	kPrivacySandboxAdsAPIs
2022-06-06	0.9537	kPrivacySandboxAdsAPIs
2022-06-07	0.919	kPrivacySandboxAdsAPIs
2022-06-08	0.9318	kPrivacySandboxAdsAPIs
2022-06-09	0.9177	kPrivacySandboxAdsAPIs
2022-06-10	0.9517	kPrivacySandboxAdsAPIs
2022-06-11	0.9304999999999999	kPrivacySandboxAdsAPIs
2022-06-12	0.9582999999999999	kPrivacySandboxAdsAPIs
2022-06-13	1.0083	kPrivacySandboxAdsAPIs
2022-06-14	1.0362	kPrivacySandboxAdsAPIs
2022-06-15	0.9941	kPrivacySandboxAdsAPIs
2022-06-16	0.9242	kPrivacySandboxAdsAPIs
2022-06-17	1.0036999999999998	kPrivacySandboxAdsAPIs
2022-06-18	0.9399	kPrivacySandboxAdsAPIs
2022-06-19	0.9819	kPrivacySandboxAdsAPIs
2022-06-20	0.9871	kPrivacySandboxAdsAPIs
2022-06-21	0.6022	kPrivacySandboxAdsAPIs
2022-06-22	0.16879999999999998	kPrivacySandboxAdsAPIs
2022-06-23	0.09509999999999999	kPrivacySandboxAdsAPIs
2022-06-24	1.6847	kPrivacySandboxAdsAPIs
2022-06-25	1.8318999999999999	kPrivacySandboxAdsAPIs
2022-06-26	1.9431	kPrivacySandboxAdsAPIs
2022-06-27	1.9290999999999998	kPrivacySandboxAdsAPIs
2022-06-28	1.9775999999999998	kPrivacySandboxAdsAPIs
2022-06-29	1.9768999999999999	kPrivacySandboxAdsAPIs
2022-06-30	1.9532999999999998	kPrivacySandboxAdsAPIs
2022-07-01	2.0000999999999998	kPrivacySandboxAdsAPIs
2022-07-02	1.9828999999999999	kPrivacySandboxAdsAPIs
2022-07-03	2.0339	kPrivacySandboxAdsAPIs
2022-07-04	2.0347	kPrivacySandboxAdsAPIs
2022-07-05	2.0044	kPrivacySandboxAdsAPIs
2022-07-06	1.971	kPrivacySandboxAdsAPIs
2022-07-07	2.0035999999999996	kPrivacySandboxAdsAPIs
2022-07-08	1.9702000000000002	kPrivacySandboxAdsAPIs
2022-07-09	1.9861	kPrivacySandboxAdsAPIs
2022-07-10	1.9970999999999999	kPrivacySandboxAdsAPIs
2022-07-11	1.9908	kPrivacySandboxAdsAPIs
2022-07-12	2.1405999999999996	kPrivacySandboxAdsAPIs
2022-07-13	2.0856	kPrivacySandboxAdsAPIs
2022-07-14	2.1754	kPrivacySandboxAdsAPIs
2022-07-15	2.4164	kPrivacySandboxAdsAPIs
2022-07-16	2.4917	kPrivacySandboxAdsAPIs
2022-07-17	2.5282999999999998	kPrivacySandboxAdsAPIs
2022-07-18	2.4211	kPrivacySandboxAdsAPIs
2022-07-19	2.4848	kPrivacySandboxAdsAPIs
2022-07-20	2.5031999999999996	kPrivacySandboxAdsAPIs
2022-07-21	2.4671	kPrivacySandboxAdsAPIs
2022-07-22	2.4544	kPrivacySandboxAdsAPIs
2022-07-23	2.4981999999999998	kPrivacySandboxAdsAPIs
2022-07-24	2.5214	kPrivacySandboxAdsAPIs
2022-07-25	2.4725	kPrivacySandboxAdsAPIs
2022-07-26	2.5405	kPrivacySandboxAdsAPIs
2022-07-27	2.5328	kPrivacySandboxAdsAPIs
2022-07-28	2.5749	kPrivacySandboxAdsAPIs
2022-07-29	2.4911	kPrivacySandboxAdsAPIs
2022-07-30	2.5845999999999996	kPrivacySandboxAdsAPIs
2022-07-31	2.5513999999999997	kPrivacySandboxAdsAPIs
2022-08-01	2.5481	kPrivacySandboxAdsAPIs
2022-08-02	1.5345	kPrivacySandboxAdsAPIs
2022-08-03	0.4556	kPrivacySandboxAdsAPIs
2022-08-04	0.1743	kPrivacySandboxAdsAPIs
2022-08-05	0.068015	kPrivacySandboxAdsAPIs
2022-08-06	2.6342	kPrivacySandboxAdsAPIs
2022-08-07	2.6868	kPrivacySandboxAdsAPIs
2022-08-08	2.9028	kPrivacySandboxAdsAPIs
2022-08-09	3.3350000000000004	kPrivacySandboxAdsAPIs
2022-08-10	3.3701000000000003	kPrivacySandboxAdsAPIs
2022-08-11	3.2811	kPrivacySandboxAdsAPIs
2022-08-12	3.5132999999999996	kPrivacySandboxAdsAPIs
2022-08-13	3.5506999999999995	kPrivacySandboxAdsAPIs
2022-08-14	0.035755999999999996	kPrivacySandboxAdsAPIs
2022-08-15	0.03806	kPrivacySandboxAdsAPIs
2022-08-16	0.038963000000000005	kPrivacySandboxAdsAPIs
2022-08-17	0.04	kPrivacySandboxAdsAPIs
2022-08-18	0.040564	kPrivacySandboxAdsAPIs
2022-08-19	0.039299	kPrivacySandboxAdsAPIs
2022-08-20	0.037422000000000004	kPrivacySandboxAdsAPIs
2022-08-21	0.038869999999999995	kPrivacySandboxAdsAPIs
2022-08-22	0.041403	kPrivacySandboxAdsAPIs
2022-08-23	0.035476	kPrivacySandboxAdsAPIs
2022-08-24	0.029668	kPrivacySandboxAdsAPIs
2022-08-25	0.035711	kPrivacySandboxAdsAPIs
2022-08-26	0.034478	kPrivacySandboxAdsAPIs
2022-08-27	0.032888	kPrivacySandboxAdsAPIs
2022-08-28	0.034856	kPrivacySandboxAdsAPIs
2022-08-29	0.038849	kPrivacySandboxAdsAPIs
2022-08-30	0.040822	kPrivacySandboxAdsAPIs
2022-08-31	0.041152	kPrivacySandboxAdsAPIs
2022-09-01	0.039468	kPrivacySandboxAdsAPIs
2022-09-02	0.039149	kPrivacySandboxAdsAPIs
2022-09-03	0.1399	kPrivacySandboxAdsAPIs
2022-09-04	0.039714	kPrivacySandboxAdsAPIs
2022-09-05	0.043066	kPrivacySandboxAdsAPIs
2022-09-06	0.04052	kPrivacySandboxAdsAPIs
2022-09-07	0.041226	kPrivacySandboxAdsAPIs
2022-09-08	0.046204	kPrivacySandboxAdsAPIs
2022-09-09	0.052661000000000006	kPrivacySandboxAdsAPIs
2022-09-10	0.106171	kPrivacySandboxAdsAPIs
2022-09-11	0.11812199999999999	kPrivacySandboxAdsAPIs
2022-09-12	0.099306	kPrivacySandboxAdsAPIs
2022-09-13	0.09908499999999999	kPrivacySandboxAdsAPIs
2022-09-14	0.09773799999999999	kPrivacySandboxAdsAPIs
2022-09-15	0.09644900000000001	kPrivacySandboxAdsAPIs
2022-09-16	0.099753	kPrivacySandboxAdsAPIs
2022-09-17	0.11783100000000002	kPrivacySandboxAdsAPIs
2022-09-18	0.11620000000000001	kPrivacySandboxAdsAPIs
2022-09-19	0.09479599999999999	kPrivacySandboxAdsAPIs
2022-09-20	0.094278	kPrivacySandboxAdsAPIs
2022-09-21	0.094034	kPrivacySandboxAdsAPIs
2022-09-22	0.095419	kPrivacySandboxAdsAPIs
2022-09-23	0.097861	kPrivacySandboxAdsAPIs
2022-09-24	0.11077	kPrivacySandboxAdsAPIs
2022-09-25	0.112597	kPrivacySandboxAdsAPIs
2022-09-26	0.09339399999999999	kPrivacySandboxAdsAPIs
2022-09-27	0.094768	kPrivacySandboxAdsAPIs
2022-09-28	0.09651	kPrivacySandboxAdsAPIs
2022-09-29	0.094817	kPrivacySandboxAdsAPIs
2022-09-30	0.09838500000000001	kPrivacySandboxAdsAPIs
2022-10-01	0.118581	kPrivacySandboxAdsAPIs
2022-10-02	0.12025200000000001	kPrivacySandboxAdsAPIs
2022-10-03	0.091498	kPrivacySandboxAdsAPIs
2022-10-04	0.08664999999999999	kPrivacySandboxAdsAPIs
2022-10-05	0.132427	kPrivacySandboxAdsAPIs
2022-10-06	0.132512	kPrivacySandboxAdsAPIs
2022-10-07	0.130868	kPrivacySandboxAdsAPIs
2022-10-08	0.141924	kPrivacySandboxAdsAPIs
2022-10-09	0.14486200000000002	kPrivacySandboxAdsAPIs
2022-10-10	0.131638	kPrivacySandboxAdsAPIs
2022-10-11	0.141485	kPrivacySandboxAdsAPIs
2022-10-12	0.141263	kPrivacySandboxAdsAPIs
2022-10-13	0.14176	kPrivacySandboxAdsAPIs
2022-10-14	0.14776699999999998	kPrivacySandboxAdsAPIs
2022-10-15	0.164048	kPrivacySandboxAdsAPIs
2022-10-16	0.162136	kPrivacySandboxAdsAPIs
2022-10-17	0.140007	kPrivacySandboxAdsAPIs
2022-10-18	0.13769299999999998	kPrivacySandboxAdsAPIs
2022-10-19	0.136775	kPrivacySandboxAdsAPIs
2022-10-20	0.13478400000000001	kPrivacySandboxAdsAPIs
2022-10-21	0.139675	kPrivacySandboxAdsAPIs
2022-10-22	0.16395400000000002	kPrivacySandboxAdsAPIs
2022-10-23	0.164839	kPrivacySandboxAdsAPIs
2022-10-24	0.134619	kPrivacySandboxAdsAPIs
2022-10-25	0.133272	kPrivacySandboxAdsAPIs
2022-10-26	0.13559	kPrivacySandboxAdsAPIs
2022-10-27	0.383985	kPrivacySandboxAdsAPIs
2022-10-28	0.5268090000000001	kPrivacySandboxAdsAPIs
2022-10-29	0.673002	kPrivacySandboxAdsAPIs
2022-10-30	0.675842	kPrivacySandboxAdsAPIs
2022-10-31	0.5220520000000001	kPrivacySandboxAdsAPIs
2022-11-01	0.509544	kPrivacySandboxAdsAPIs
2022-11-02	0.7666790000000001	kPrivacySandboxAdsAPIs
2022-11-03	0.710499	kPrivacySandboxAdsAPIs
2022-11-04	0.7148340000000001	kPrivacySandboxAdsAPIs
2022-11-05	0.819056	kPrivacySandboxAdsAPIs
2022-11-06	0.789946	kPrivacySandboxAdsAPIs
2022-11-07	0.662423	kPrivacySandboxAdsAPIs
2022-11-08	0.658786	kPrivacySandboxAdsAPIs
2022-11-09	0.6622560000000001	kPrivacySandboxAdsAPIs
2022-11-10	0.676702	kPrivacySandboxAdsAPIs
2022-11-11	0.714737	kPrivacySandboxAdsAPIs
2022-11-12	0.8088939999999999	kPrivacySandboxAdsAPIs
2022-11-13	0.804031	kPrivacySandboxAdsAPIs
2022-11-14	0.65574	kPrivacySandboxAdsAPIs
2022-11-15	0.6584679999999999	kPrivacySandboxAdsAPIs
2022-11-16	0.655894	kPrivacySandboxAdsAPIs
2022-11-17	0.6564099999999999	kPrivacySandboxAdsAPIs
2022-11-18	0.690405	kPrivacySandboxAdsAPIs
2022-11-19	0.8306239999999999	kPrivacySandboxAdsAPIs
2022-11-20	0.8163770000000001	kPrivacySandboxAdsAPIs
2022-11-21	0.693679	kPrivacySandboxAdsAPIs
2022-11-22	0.711659	kPrivacySandboxAdsAPIs
2022-11-23	0.726519	kPrivacySandboxAdsAPIs
2022-11-24	0.768634	kPrivacySandboxAdsAPIs
2022-11-25	0.824248	kPrivacySandboxAdsAPIs
2022-11-26	0.8527659999999999	kPrivacySandboxAdsAPIs
2022-11-27	0.819682	kPrivacySandboxAdsAPIs
2022-11-28	0.686232	kPrivacySandboxAdsAPIs
2022-11-29	0.6590389999999999	kPrivacySandboxAdsAPIs
2022-11-30	0.646034	kPrivacySandboxAdsAPIs
2022-12-01	0.642729	kPrivacySandboxAdsAPIs
2022-12-02	0.661352	kPrivacySandboxAdsAPIs
2022-12-03	0.804346	kPrivacySandboxAdsAPIs
2022-12-04	0.7917210000000001	kPrivacySandboxAdsAPIs
2022-12-05	0.618086	kPrivacySandboxAdsAPIs
2022-12-06	0.600303	kPrivacySandboxAdsAPIs
2022-12-07	0.715438	kPrivacySandboxAdsAPIs
2022-12-08	0.7089070000000001	kPrivacySandboxAdsAPIs
2022-12-09	0.726832	kPrivacySandboxAdsAPIs
2022-12-10	0.8491679999999999	kPrivacySandboxAdsAPIs
2022-12-11	0.813315	kPrivacySandboxAdsAPIs
2022-12-12	0.682638	kPrivacySandboxAdsAPIs
2022-12-13	0.679336	kPrivacySandboxAdsAPIs
2022-12-14	0.680167	kPrivacySandboxAdsAPIs
2022-12-15	0.674155	kPrivacySandboxAdsAPIs
2022-12-16	0.705973	kPrivacySandboxAdsAPIs
2022-12-17	0.8203689999999999	kPrivacySandboxAdsAPIs
2022-12-18	0.795215	kPrivacySandboxAdsAPIs
2022-12-19	0.682121	kPrivacySandboxAdsAPIs
2022-12-20	0.6844560000000001	kPrivacySandboxAdsAPIs
2022-12-21	0.694682	kPrivacySandboxAdsAPIs
2022-12-22	0.721758	kPrivacySandboxAdsAPIs
2022-12-23	0.764375	kPrivacySandboxAdsAPIs
2022-12-24	0.817857	kPrivacySandboxAdsAPIs
2022-12-25	0.8015559999999999	kPrivacySandboxAdsAPIs
2022-12-26	0.78118	kPrivacySandboxAdsAPIs
2022-12-27	0.755181	kPrivacySandboxAdsAPIs
2022-12-28	0.7518710000000001	kPrivacySandboxAdsAPIs
2022-12-29	0.7525999999999999	kPrivacySandboxAdsAPIs
2022-12-30	0.772954	kPrivacySandboxAdsAPIs
2022-12-31	0.8274109999999999	kPrivacySandboxAdsAPIs
2023-01-01	0.820801	kPrivacySandboxAdsAPIs
2023-01-02	0.760286	kPrivacySandboxAdsAPIs
2023-01-03	0.709317	kPrivacySandboxAdsAPIs
2023-01-04	0.690948	kPrivacySandboxAdsAPIs
2023-01-05	0.688868	kPrivacySandboxAdsAPIs
2023-01-06	0.7067450000000001	kPrivacySandboxAdsAPIs
2023-01-07	0.8144429999999999	kPrivacySandboxAdsAPIs
2023-01-08	0.7882830000000001	kPrivacySandboxAdsAPIs
2023-01-09	0.646822	kPrivacySandboxAdsAPIs
2023-01-10	0.6527750000000001	kPrivacySandboxAdsAPIs
2023-01-11	0.647119	kPrivacySandboxAdsAPIs
2023-01-12	0.651561	kPrivacySandboxAdsAPIs
2023-01-13	0.6605610000000001	kPrivacySandboxAdsAPIs
2023-01-14	0.792544	kPrivacySandboxAdsAPIs
2023-01-15	0.78519	kPrivacySandboxAdsAPIs
2023-01-16	0.668137	kPrivacySandboxAdsAPIs
2023-01-17	0.59134	kPrivacySandboxAdsAPIs
2023-01-18	0.597017	kPrivacySandboxAdsAPIs
2023-01-19	0.659064	kPrivacySandboxAdsAPIs
2023-01-20	0.677334	kPrivacySandboxAdsAPIs
2023-01-21	0.7933599999999998	kPrivacySandboxAdsAPIs
2023-01-22	0.7741499999999999	kPrivacySandboxAdsAPIs
2023-01-23	0.6470060000000001	kPrivacySandboxAdsAPIs
2023-01-24	0.650359	kPrivacySandboxAdsAPIs
2023-01-25	0.642927	kPrivacySandboxAdsAPIs
2023-01-26	0.63706	kPrivacySandboxAdsAPIs
2023-01-27	0.65306	kPrivacySandboxAdsAPIs
2023-01-28	0.7555270000000001	kPrivacySandboxAdsAPIs
2023-01-29	0.739499	kPrivacySandboxAdsAPIs
2023-01-30	0.606794	kPrivacySandboxAdsAPIs
2023-01-31	0.604456	kPrivacySandboxAdsAPIs
2023-02-01	0.613471	kPrivacySandboxAdsAPIs
2023-02-02	0.605032	kPrivacySandboxAdsAPIs
2023-02-03	0.626634	kPrivacySandboxAdsAPIs
2023-02-04	0.7587050000000001	kPrivacySandboxAdsAPIs
2023-02-05	0.730175	kPrivacySandboxAdsAPIs
2023-02-06	0.598745	kPrivacySandboxAdsAPIs
2023-02-07	0.595884	kPrivacySandboxAdsAPIs
2023-02-08	0.598651	kPrivacySandboxAdsAPIs
2023-02-09	0.598384	kPrivacySandboxAdsAPIs
2023-02-10	0.622209	kPrivacySandboxAdsAPIs
2023-02-11	0.74702	kPrivacySandboxAdsAPIs
2023-02-12	0.717186	kPrivacySandboxAdsAPIs
2023-02-13	0.5303249999999999	kPrivacySandboxAdsAPIs
2023-02-14	0.423831	kPrivacySandboxAdsAPIs
2023-02-15	0.45238300000000004	kPrivacySandboxAdsAPIs
2023-02-16	0.554315	kPrivacySandboxAdsAPIs
2023-02-17	0.5850120000000001	kPrivacySandboxAdsAPIs
2023-02-18	0.818192	kPrivacySandboxAdsAPIs
2023-02-19	0.785377	kPrivacySandboxAdsAPIs
2023-02-20	0.699536	kPrivacySandboxAdsAPIs
2023-02-21	0.6760999999999999	kPrivacySandboxAdsAPIs
2023-02-22	0.655945	kPrivacySandboxAdsAPIs
2023-02-23	0.639265	kPrivacySandboxAdsAPIs
2023-02-24	0.6504399999999999	kPrivacySandboxAdsAPIs
2023-02-25	0.767552	kPrivacySandboxAdsAPIs
2023-02-26	0.73269	kPrivacySandboxAdsAPIs
2023-02-27	0.594696	kPrivacySandboxAdsAPIs
2023-02-28	0.589575	kPrivacySandboxAdsAPIs
2023-03-01	0.589263	kPrivacySandboxAdsAPIs
2023-03-02	0.588558	kPrivacySandboxAdsAPIs
2023-03-03	0.6146010000000001	kPrivacySandboxAdsAPIs
2023-03-04	0.749515	kPrivacySandboxAdsAPIs
2023-03-05	0.71855	kPrivacySandboxAdsAPIs
2023-03-06	0.581275	kPrivacySandboxAdsAPIs
2023-03-07	0.583361	kPrivacySandboxAdsAPIs
2023-03-08	0.584603	kPrivacySandboxAdsAPIs
2023-03-09	0.581978	kPrivacySandboxAdsAPIs
2023-03-10	0.6164820000000001	kPrivacySandboxAdsAPIs
2023-03-11	0.7653070000000001	kPrivacySandboxAdsAPIs
2023-03-12	0.737491	kPrivacySandboxAdsAPIs
2023-03-13	0.574885	kPrivacySandboxAdsAPIs
2023-03-14	0.664218	kPrivacySandboxAdsAPIs
2023-03-15	0.6693699999999999	kPrivacySandboxAdsAPIs
2023-03-16	0.677526	kPrivacySandboxAdsAPIs
2023-03-17	0.710983	kPrivacySandboxAdsAPIs
2023-03-18	0.814161	kPrivacySandboxAdsAPIs
2023-03-19	0.7914249999999999	kPrivacySandboxAdsAPIs
2023-03-20	0.6617460000000001	kPrivacySandboxAdsAPIs
2023-03-21	0.651815	kPrivacySandboxAdsAPIs
2023-03-22	0.662965	kPrivacySandboxAdsAPIs
2023-03-23	0.7469680000000001	kPrivacySandboxAdsAPIs
2023-03-24	0.8382850000000001	kPrivacySandboxAdsAPIs
2023-03-25	1.0164620000000002	kPrivacySandboxAdsAPIs
2023-03-26	0.986148	kPrivacySandboxAdsAPIs
2023-03-27	0.8071349999999999	kPrivacySandboxAdsAPIs
2023-03-28	0.7994610000000001	kPrivacySandboxAdsAPIs
2023-03-29	0.796232	kPrivacySandboxAdsAPIs
2023-03-30	0.8027259999999999	kPrivacySandboxAdsAPIs
2023-03-31	0.8493220000000001	kPrivacySandboxAdsAPIs
2023-04-01	1.0328979999999999	kPrivacySandboxAdsAPIs
2023-04-02	1.005766	kPrivacySandboxAdsAPIs
2023-04-03	0.812552	kPrivacySandboxAdsAPIs
2023-04-04	0.8154420000000001	kPrivacySandboxAdsAPIs
2023-04-05	0.775609	kPrivacySandboxAdsAPIs
2023-04-06	0.792666	kPrivacySandboxAdsAPIs
2023-04-07	0.881853	kPrivacySandboxAdsAPIs
2023-04-08	0.957562	kPrivacySandboxAdsAPIs
2023-04-09	0.9149010000000001	kPrivacySandboxAdsAPIs
2023-04-10	0.7506299999999999	kPrivacySandboxAdsAPIs
2023-04-11	0.670065	kPrivacySandboxAdsAPIs
2023-04-12	0.907037	kPrivacySandboxAdsAPIs
2023-04-13	0.8915090000000001	kPrivacySandboxAdsAPIs
2023-04-14	0.9200130000000001	kPrivacySandboxAdsAPIs
2023-04-15	1.052981	kPrivacySandboxAdsAPIs
2023-04-16	1.0188620000000002	kPrivacySandboxAdsAPIs
2023-04-17	0.847148	kPrivacySandboxAdsAPIs
2023-04-18	0.8228870000000001	kPrivacySandboxAdsAPIs
2023-04-19	0.803248	kPrivacySandboxAdsAPIs
2023-04-20	0.7981790000000001	kPrivacySandboxAdsAPIs
2023-04-21	0.822873	kPrivacySandboxAdsAPIs
2023-04-22	0.983506	kPrivacySandboxAdsAPIs
2023-04-23	0.9583399999999999	kPrivacySandboxAdsAPIs
2023-04-24	0.778473	kPrivacySandboxAdsAPIs
2023-04-25	0.775197	kPrivacySandboxAdsAPIs
2023-04-26	0.770907	kPrivacySandboxAdsAPIs
2023-04-27	0.7685350000000001	kPrivacySandboxAdsAPIs
2023-04-28	0.7961680000000001	kPrivacySandboxAdsAPIs
2023-04-29	0.9818490000000001	kPrivacySandboxAdsAPIs
2023-04-30	0.972603	kPrivacySandboxAdsAPIs
2023-05-01	0.807907	kPrivacySandboxAdsAPIs
2023-05-02	0.754982	kPrivacySandboxAdsAPIs
2023-05-03	0.759479	kPrivacySandboxAdsAPIs
2023-05-04	0.7412960000000001	kPrivacySandboxAdsAPIs
2023-05-05	0.7524310000000001	kPrivacySandboxAdsAPIs
2023-05-06	0.905478	kPrivacySandboxAdsAPIs
2023-05-07	0.8876760000000001	kPrivacySandboxAdsAPIs
2023-05-08	0.698246	kPrivacySandboxAdsAPIs
2023-05-09	0.664201	kPrivacySandboxAdsAPIs
2023-05-10	0.637626	kPrivacySandboxAdsAPIs
2023-05-11	0.8808440000000001	kPrivacySandboxAdsAPIs
2023-05-12	0.893973	kPrivacySandboxAdsAPIs
2023-05-13	1.0095619999999998	kPrivacySandboxAdsAPIs
2023-05-14	0.989868	kPrivacySandboxAdsAPIs
2023-05-15	0.830366	kPrivacySandboxAdsAPIs
2023-05-16	0.824619	kPrivacySandboxAdsAPIs
2023-05-17	0.821306	kPrivacySandboxAdsAPIs
2023-05-18	0.816889	kPrivacySandboxAdsAPIs
2023-05-19	0.836269	kPrivacySandboxAdsAPIs
2023-05-20	0.9838319999999999	kPrivacySandboxAdsAPIs
2023-05-21	0.9657499999999999	kPrivacySandboxAdsAPIs
2023-05-22	0.784705	kPrivacySandboxAdsAPIs
2023-05-23	0.787551	kPrivacySandboxAdsAPIs
2023-05-24	0.795065	kPrivacySandboxAdsAPIs
2023-05-25	0.787552	kPrivacySandboxAdsAPIs
2023-05-26	0.843609	kPrivacySandboxAdsAPIs
2023-05-27	0.9663339999999999	kPrivacySandboxAdsAPIs
2023-05-28	0.96581	kPrivacySandboxAdsAPIs
2023-05-29	0.884861	kPrivacySandboxAdsAPIs
2023-05-30	0.787179	kPrivacySandboxAdsAPIs
2023-05-31	0.793081	kPrivacySandboxAdsAPIs
2023-06-01	0.795828	kPrivacySandboxAdsAPIs
2023-06-02	0.8347799999999999	kPrivacySandboxAdsAPIs
2023-06-03	0.9645819999999999	kPrivacySandboxAdsAPIs
2023-06-04	0.926773	kPrivacySandboxAdsAPIs
2023-06-05	0.76063	kPrivacySandboxAdsAPIs
2023-06-06	0.826294	kPrivacySandboxAdsAPIs
2023-06-07	0.8430059999999999	kPrivacySandboxAdsAPIs
2023-06-08	0.8592310000000001	kPrivacySandboxAdsAPIs
2023-06-09	0.8842620000000001	kPrivacySandboxAdsAPIs
2023-06-10	0.9986440000000001	kPrivacySandboxAdsAPIs
2023-06-11	0.9705130000000001	kPrivacySandboxAdsAPIs
2023-06-12	0.8261259999999999	kPrivacySandboxAdsAPIs
2023-06-13	0.8283870000000001	kPrivacySandboxAdsAPIs
2023-06-14	0.832923	kPrivacySandboxAdsAPIs
2023-06-15	0.8296990000000001	kPrivacySandboxAdsAPIs
2023-06-16	0.862509	kPrivacySandboxAdsAPIs
2023-06-17	0.971328	kPrivacySandboxAdsAPIs
2023-06-18	0.95488	kPrivacySandboxAdsAPIs
2023-06-19	0.8382860000000001	kPrivacySandboxAdsAPIs
2023-06-20	0.791029	kPrivacySandboxAdsAPIs
2023-06-21	0.7964540000000001	kPrivacySandboxAdsAPIs
2023-06-22	0.841571	kPrivacySandboxAdsAPIs
2023-06-23	0.865932	kPrivacySandboxAdsAPIs
2023-06-24	0.964348	kPrivacySandboxAdsAPIs
2023-06-25	0.9386770000000001	kPrivacySandboxAdsAPIs
2023-06-26	0.8178399999999999	kPrivacySandboxAdsAPIs
2023-06-27	0.810072	kPrivacySandboxAdsAPIs
2023-06-28	0.825068	kPrivacySandboxAdsAPIs
2023-06-29	0.814035	kPrivacySandboxAdsAPIs
2023-06-30	0.840364	kPrivacySandboxAdsAPIs
2023-07-01	0.96385	kPrivacySandboxAdsAPIs
2023-07-02	0.9480759999999999	kPrivacySandboxAdsAPIs
2023-07-03	0.833428	kPrivacySandboxAdsAPIs
2023-07-04	0.852665	kPrivacySandboxAdsAPIs
2023-07-05	0.8224739999999999	kPrivacySandboxAdsAPIs
2023-07-06	0.821884	kPrivacySandboxAdsAPIs
2023-07-07	0.850888	kPrivacySandboxAdsAPIs
2023-07-08	0.9652219999999999	kPrivacySandboxAdsAPIs
2023-07-09	0.944421	kPrivacySandboxAdsAPIs
2023-07-10	0.813758	kPrivacySandboxAdsAPIs
2023-07-11	0.8125220000000001	kPrivacySandboxAdsAPIs
2023-07-12	0.83406	kPrivacySandboxAdsAPIs
2023-07-13	0.8413419999999999	kPrivacySandboxAdsAPIs
2023-07-14	0.8757980000000001	kPrivacySandboxAdsAPIs
2023-07-15	0.970131	kPrivacySandboxAdsAPIs
2023-07-16	0.9658599999999999	kPrivacySandboxAdsAPIs
2023-07-17	0.83382	kPrivacySandboxAdsAPIs
2023-07-18	0.836027	kPrivacySandboxAdsAPIs
2023-07-19	0.842236	kPrivacySandboxAdsAPIs
2023-07-20	0.8592580000000001	kPrivacySandboxAdsAPIs
2023-07-21	0.9113760000000001	kPrivacySandboxAdsAPIs
2023-07-22	1.02851	kPrivacySandboxAdsAPIs
2023-07-23	1.022134	kPrivacySandboxAdsAPIs
2023-07-24	0.8899159999999999	kPrivacySandboxAdsAPIs
2023-07-25	0.86578	kPrivacySandboxAdsAPIs
2023-07-26	0.872073	kPrivacySandboxAdsAPIs
2023-07-27	0.880994	kPrivacySandboxAdsAPIs
2023-07-28	0.889589	kPrivacySandboxAdsAPIs
2023-07-29	1.039555	kPrivacySandboxAdsAPIs
2023-07-30	1.021732	kPrivacySandboxAdsAPIs
2023-07-31	0.8947309999999999	kPrivacySandboxAdsAPIs
2023-08-01	0.858309	kPrivacySandboxAdsAPIs
2023-08-02	0.83158	kPrivacySandboxAdsAPIs
2023-08-03	0.9104209999999999	kPrivacySandboxAdsAPIs
2023-08-04	0.932798	kPrivacySandboxAdsAPIs
2023-08-05	1.033883	kPrivacySandboxAdsAPIs
2023-08-06	1.0253240000000001	kPrivacySandboxAdsAPIs
2023-08-07	0.891364	kPrivacySandboxAdsAPIs
2023-08-08	0.9264	kPrivacySandboxAdsAPIs
2023-08-09	2.2996630000000002	kPrivacySandboxAdsAPIs
2023-08-10	2.648882	kPrivacySandboxAdsAPIs
2023-08-11	2.8195930000000002	kPrivacySandboxAdsAPIs
2023-08-12	3.329606	kPrivacySandboxAdsAPIs
2023-08-13	3.359587	kPrivacySandboxAdsAPIs
2023-08-14	3.0801199999999995	kPrivacySandboxAdsAPIs
2023-08-15	3.3030419999999996	kPrivacySandboxAdsAPIs
2023-08-16	3.011595	kPrivacySandboxAdsAPIs
2023-08-17	3.062821	kPrivacySandboxAdsAPIs
2023-08-18	3.103645	kPrivacySandboxAdsAPIs
2023-08-19	3.582287	kPrivacySandboxAdsAPIs
2023-08-20	3.470854	kPrivacySandboxAdsAPIs
2023-08-21	2.840181	kPrivacySandboxAdsAPIs
2023-08-22	3.35731	kPrivacySandboxAdsAPIs
2023-08-23	3.2253570000000003	kPrivacySandboxAdsAPIs
2023-08-24	4.172464	kPrivacySandboxAdsAPIs
2023-08-25	4.402025	kPrivacySandboxAdsAPIs
2023-08-26	5.148556	kPrivacySandboxAdsAPIs
2023-08-27	5.059508	kPrivacySandboxAdsAPIs
2023-08-28	4.37371	kPrivacySandboxAdsAPIs
2023-08-29	4.416468	kPrivacySandboxAdsAPIs
2023-08-30	4.408398	kPrivacySandboxAdsAPIs
2023-08-31	4.362766	kPrivacySandboxAdsAPIs
2023-09-01	4.5653369999999995	kPrivacySandboxAdsAPIs
2023-09-02	5.244873	kPrivacySandboxAdsAPIs
2023-09-03	5.171251000000001	kPrivacySandboxAdsAPIs
2023-09-04	6.523168999999999	kPrivacySandboxAdsAPIs
2023-09-05	6.946123	kPrivacySandboxAdsAPIs
2023-09-06	7.243771000000001	kPrivacySandboxAdsAPIs
2023-09-07	7.42169	kPrivacySandboxAdsAPIs
2023-09-08	7.744098000000001	kPrivacySandboxAdsAPIs
2023-09-09	9.487502000000001	kPrivacySandboxAdsAPIs
2023-09-10	9.21964	kPrivacySandboxAdsAPIs
2023-09-11	7.6111960000000005	kPrivacySandboxAdsAPIs
2023-09-12	7.718313	kPrivacySandboxAdsAPIs
2023-09-13	7.666475	kPrivacySandboxAdsAPIs
2023-09-14	7.5580110000000005	kPrivacySandboxAdsAPIs
2023-09-15	7.639316999999999	kPrivacySandboxAdsAPIs
2023-09-16	9.343506	kPrivacySandboxAdsAPIs
2023-09-17	9.090608	kPrivacySandboxAdsAPIs
2023-09-18	7.0324979999999995	kPrivacySandboxAdsAPIs
2023-09-19	5.398711	kPrivacySandboxAdsAPIs
2023-09-20	0.231175	kPrivacySandboxAdsAPIs
2023-09-21	0.06477999999999999	kPrivacySandboxAdsAPIs
2023-09-22	0.042077	kPrivacySandboxAdsAPIs
2023-09-23	0.043598	kPrivacySandboxAdsAPIs
2023-09-24	0.03376	kPrivacySandboxAdsAPIs
2023-09-25	0.021688	kPrivacySandboxAdsAPIs
2023-09-26	0.016707	kPrivacySandboxAdsAPIs
2023-09-27	0.015343	kPrivacySandboxAdsAPIs
2023-09-28	0.015396	kPrivacySandboxAdsAPIs
2023-09-29	0.015621	kPrivacySandboxAdsAPIs
2023-09-30	0.0232	kPrivacySandboxAdsAPIs
2023-10-01	0.021	kPrivacySandboxAdsAPIs
2023-10-02	0.013548999999999999	kPrivacySandboxAdsAPIs
2023-10-03	0.012255	kPrivacySandboxAdsAPIs
2023-10-04	0.011206	kPrivacySandboxAdsAPIs
2023-10-05	0.009865	kPrivacySandboxAdsAPIs
2023-10-06	0.010049	kPrivacySandboxAdsAPIs
2023-10-07	0.015300000000000001	kPrivacySandboxAdsAPIs
2023-10-08	0.015799999999999998	kPrivacySandboxAdsAPIs
2023-10-09	0.011899999999999999	kPrivacySandboxAdsAPIs
2023-10-10	0.0107	kPrivacySandboxAdsAPIs
2023-10-11	0.010499999999999999	kPrivacySandboxAdsAPIs
2023-10-12	0.0102	kPrivacySandboxAdsAPIs
2023-10-13	0.0104	kPrivacySandboxAdsAPIs
2023-10-14	0.013300000000000001	kPrivacySandboxAdsAPIs
2023-10-15	0.012899999999999998	kPrivacySandboxAdsAPIs
2023-10-16	0.0109	kPrivacySandboxAdsAPIs
2023-10-17	0.0106	kPrivacySandboxAdsAPIs
2023-10-18	0.0104	kPrivacySandboxAdsAPIs
2023-10-19	0.0101	kPrivacySandboxAdsAPIs
2023-10-20	0.0101	kPrivacySandboxAdsAPIs
2023-10-21	0.0109	kPrivacySandboxAdsAPIs
2023-10-22	0.01	kPrivacySandboxAdsAPIs
2023-10-23	0.0106	kPrivacySandboxAdsAPIs
2023-10-24	0.0101	kPrivacySandboxAdsAPIs
2023-10-25	0.0095	kPrivacySandboxAdsAPIs
2023-10-26	0.009600000000000001	kPrivacySandboxAdsAPIs
2023-10-27	0.0095	kPrivacySandboxAdsAPIs
2023-10-28	0.0091	kPrivacySandboxAdsAPIs
2023-10-29	0.0088	kPrivacySandboxAdsAPIs
2023-10-30	0.0095	kPrivacySandboxAdsAPIs
2023-10-31	0.009600000000000001	kPrivacySandboxAdsAPIs
2023-11-01	0.0092	kPrivacySandboxAdsAPIs
2023-11-02	0.0082	kPrivacySandboxAdsAPIs
2023-11-03	0.008300000000000002	kPrivacySandboxAdsAPIs
2023-11-04	0.0077	kPrivacySandboxAdsAPIs
2023-11-05	0.0081	kPrivacySandboxAdsAPIs
2023-11-06	0.008900000000000002	kPrivacySandboxAdsAPIs
2023-11-07	0.0088	kPrivacySandboxAdsAPIs
2023-11-08	0.008300000000000002	kPrivacySandboxAdsAPIs
2023-11-09	0.0082	kPrivacySandboxAdsAPIs
2023-11-10	0.008900000000000002	kPrivacySandboxAdsAPIs
2023-11-11	0.007600000000000001	kPrivacySandboxAdsAPIs
2023-11-12	0.0072	kPrivacySandboxAdsAPIs
2023-11-13	0.0078	kPrivacySandboxAdsAPIs
2023-11-14	0.0079	kPrivacySandboxAdsAPIs
2023-11-15	0.0068	kPrivacySandboxAdsAPIs
2023-11-16	0.0078	kPrivacySandboxAdsAPIs
2023-11-17	0.007500000000000001	kPrivacySandboxAdsAPIs
2023-11-18	0.0067	kPrivacySandboxAdsAPIs
2023-11-19	0.0063	kPrivacySandboxAdsAPIs
2023-11-20	0.0067	kPrivacySandboxAdsAPIs
2023-11-21	0.0071	kPrivacySandboxAdsAPIs
2023-11-22	0.0082	kPrivacySandboxAdsAPIs
2023-11-23	0.008	kPrivacySandboxAdsAPIs
2023-11-24	0.0073	kPrivacySandboxAdsAPIs
2023-11-25	0.0056	kPrivacySandboxAdsAPIs
2023-11-26	0.0055000000000000005	kPrivacySandboxAdsAPIs
2023-11-27	0.0068	kPrivacySandboxAdsAPIs
2023-11-28	0.006500000000000001	kPrivacySandboxAdsAPIs
2023-11-29	0.006200000000000001	kPrivacySandboxAdsAPIs
2023-11-30	0.005900000000000001	kPrivacySandboxAdsAPIs
2023-12-01	0.005900000000000001	kPrivacySandboxAdsAPIs
2023-12-02	0.0051	kPrivacySandboxAdsAPIs
2023-12-03	0.0048000000000000004	kPrivacySandboxAdsAPIs
2023-12-04	0.0060999999999999995	kPrivacySandboxAdsAPIs
2023-12-05	0.0060999999999999995	kPrivacySandboxAdsAPIs
2023-12-06	0.005900000000000001	kPrivacySandboxAdsAPIs
2023-12-07	0.0058	kPrivacySandboxAdsAPIs
2023-12-08	0.0057	kPrivacySandboxAdsAPIs
2023-12-09	0.005	kPrivacySandboxAdsAPIs
2023-12-10	0.005	kPrivacySandboxAdsAPIs
2023-12-11	0.005200000000000001	kPrivacySandboxAdsAPIs
2023-12-12	0.0054	kPrivacySandboxAdsAPIs
2023-12-13	0.005200000000000001	kPrivacySandboxAdsAPIs
2023-12-14	0.0053	kPrivacySandboxAdsAPIs
2023-12-15	0.0048000000000000004	kPrivacySandboxAdsAPIs
2023-12-16	0.0045000000000000005	kPrivacySandboxAdsAPIs
2023-12-17	0.0046	kPrivacySandboxAdsAPIs
2023-12-18	0.0051	kPrivacySandboxAdsAPIs
2023-12-19	0.0048000000000000004	kPrivacySandboxAdsAPIs
2023-12-20	0.004900000000000001	kPrivacySandboxAdsAPIs
2023-12-21	0.0045000000000000005	kPrivacySandboxAdsAPIs
2023-12-22	0.0043	kPrivacySandboxAdsAPIs
2023-12-23	0.0045000000000000005	kPrivacySandboxAdsAPIs
2023-12-24	0.0051	kPrivacySandboxAdsAPIs
2023-12-25	0.004200000000000001	kPrivacySandboxAdsAPIs
2023-12-26	0.004200000000000001	kPrivacySandboxAdsAPIs
2023-12-27	0.0038000000000000004	kPrivacySandboxAdsAPIs
2023-12-28	0.0037000000000000006	kPrivacySandboxAdsAPIs
2023-12-29	0.0038000000000000004	kPrivacySandboxAdsAPIs
2023-12-30	0.0038000000000000004	kPrivacySandboxAdsAPIs
2023-12-31	0.004200000000000001	kPrivacySandboxAdsAPIs
2024-01-01	0.0038000000000000004	kPrivacySandboxAdsAPIs
2024-01-02	0.0037000000000000006	kPrivacySandboxAdsAPIs
2024-01-03	0.0037000000000000006	kPrivacySandboxAdsAPIs
2024-01-04	0.0039	kPrivacySandboxAdsAPIs
2024-01-05	0.0035000000000000005	kPrivacySandboxAdsAPIs
2024-01-06	0.0035000000000000005	kPrivacySandboxAdsAPIs
2024-01-07	0.0038000000000000004	kPrivacySandboxAdsAPIs
2024-01-08	0.0041	kPrivacySandboxAdsAPIs
2024-01-09	0.0044	kPrivacySandboxAdsAPIs
2024-01-10	0.004200000000000001	kPrivacySandboxAdsAPIs
2024-01-11	0.0045000000000000005	kPrivacySandboxAdsAPIs
2024-01-12	0.004	kPrivacySandboxAdsAPIs
2024-01-13	0.0035000000000000005	kPrivacySandboxAdsAPIs
2024-01-14	0.0035000000000000005	kPrivacySandboxAdsAPIs
2024-01-15	0.0056	kPrivacySandboxAdsAPIs
2024-01-16	0.0037000000000000006	kPrivacySandboxAdsAPIs
2024-01-17	0.0037000000000000006	kPrivacySandboxAdsAPIs
2024-01-18	0.0039	kPrivacySandboxAdsAPIs
2024-01-19	0.004	kPrivacySandboxAdsAPIs
2024-01-20	0.0030000000000000005	kPrivacySandboxAdsAPIs
2024-01-21	0.0032000000000000006	kPrivacySandboxAdsAPIs
2024-01-22	0.004	kPrivacySandboxAdsAPIs
2024-01-23	0.0036	kPrivacySandboxAdsAPIs
2024-01-24	0.0036	kPrivacySandboxAdsAPIs
2024-01-25	0.0037000000000000006	kPrivacySandboxAdsAPIs
2024-01-26	0.0036	kPrivacySandboxAdsAPIs
2024-01-27	0.0033000000000000004	kPrivacySandboxAdsAPIs
2024-01-28	0.0029	kPrivacySandboxAdsAPIs
2024-01-29	0.0033000000000000004	kPrivacySandboxAdsAPIs
2024-01-30	0.0032000000000000006	kPrivacySandboxAdsAPIs
2024-01-31	0.0035000000000000005	kPrivacySandboxAdsAPIs
2024-02-01	0.0036	kPrivacySandboxAdsAPIs
2024-02-02	0.0035000000000000005	kPrivacySandboxAdsAPIs
2024-02-03	0.0029	kPrivacySandboxAdsAPIs
2024-02-04	0.0028	kPrivacySandboxAdsAPIs
2024-02-05	0.0033000000000000004	kPrivacySandboxAdsAPIs
2024-02-06	0.0034	kPrivacySandboxAdsAPIs
2024-02-07	0.0033000000000000004	kPrivacySandboxAdsAPIs
2024-02-08	0.0032000000000000006	kPrivacySandboxAdsAPIs
2024-02-09	0.0034	kPrivacySandboxAdsAPIs
2024-02-10	0.0027	kPrivacySandboxAdsAPIs
2024-02-11	0.0029	kPrivacySandboxAdsAPIs
2024-02-12	0.0030000000000000005	kPrivacySandboxAdsAPIs
2024-02-13	0.0029	kPrivacySandboxAdsAPIs
2024-02-14	0.0031000000000000003	kPrivacySandboxAdsAPIs
2024-02-15	0.0029	kPrivacySandboxAdsAPIs
2024-02-16	0.0030000000000000005	kPrivacySandboxAdsAPIs
2024-02-17	0.0025	kPrivacySandboxAdsAPIs
2024-02-18	0.0028	kPrivacySandboxAdsAPIs
2024-02-19	0.0030000000000000005	kPrivacySandboxAdsAPIs
2024-02-20	0.0031000000000000003	kPrivacySandboxAdsAPIs
2024-02-21	0.0033000000000000004	kPrivacySandboxAdsAPIs
2024-02-22	0.0035000000000000005	kPrivacySandboxAdsAPIs
2024-02-23	0.0036	kPrivacySandboxAdsAPIs
2024-02-24	0.0027	kPrivacySandboxAdsAPIs
2024-02-25	0.0027	kPrivacySandboxAdsAPIs
2024-02-26	0.0033000000000000004	kPrivacySandboxAdsAPIs
2024-02-27	0.0034	kPrivacySandboxAdsAPIs
2024-02-28	0.0036	kPrivacySandboxAdsAPIs
2024-02-29	0.0035000000000000005	kPrivacySandboxAdsAPIs
2024-03-01	0.0039	kPrivacySandboxAdsAPIs
2024-03-02	0.0025	kPrivacySandboxAdsAPIs
2024-03-03	0.0025	kPrivacySandboxAdsAPIs
2024-03-04	0.0039	kPrivacySandboxAdsAPIs
2024-03-05	0.004	kPrivacySandboxAdsAPIs
2024-03-06	0.0035000000000000005	kPrivacySandboxAdsAPIs
2024-03-07	0.0038000000000000004	kPrivacySandboxAdsAPIs
2024-03-08	0.0035000000000000005	kPrivacySandboxAdsAPIs
2024-03-09	0.0026000000000000003	kPrivacySandboxAdsAPIs
2024-03-10	0.0030000000000000005	kPrivacySandboxAdsAPIs
2024-03-11	0.0035000000000000005	kPrivacySandboxAdsAPIs
2024-03-12	0.0039	kPrivacySandboxAdsAPIs
2024-03-13	0.0037000000000000006	kPrivacySandboxAdsAPIs
2024-03-14	0.0038000000000000004	kPrivacySandboxAdsAPIs
2024-03-15	0.0036	kPrivacySandboxAdsAPIs
2024-03-16	0.0023	kPrivacySandboxAdsAPIs
2024-03-17	0.0026000000000000003	kPrivacySandboxAdsAPIs
2024-03-18	0.0037000000000000006	kPrivacySandboxAdsAPIs
2024-03-19	0.0036	kPrivacySandboxAdsAPIs
2024-03-20	0.0037000000000000006	kPrivacySandboxAdsAPIs
2024-03-21	0.0034	kPrivacySandboxAdsAPIs
2024-03-22	0.0034	kPrivacySandboxAdsAPIs
2024-03-23	0.002	kPrivacySandboxAdsAPIs
2024-03-24	0.0025	kPrivacySandboxAdsAPIs
2024-03-25	0.0033000000000000004	kPrivacySandboxAdsAPIs
2024-03-26	0.0036	kPrivacySandboxAdsAPIs
2024-03-27	0.0035000000000000005	kPrivacySandboxAdsAPIs
2024-03-28	0.0034	kPrivacySandboxAdsAPIs
2024-03-29	0.0023	kPrivacySandboxAdsAPIs
2024-03-30	0.0021000000000000003	kPrivacySandboxAdsAPIs
2024-03-31	0.0028	kPrivacySandboxAdsAPIs
2024-04-01	0.0034	kPrivacySandboxAdsAPIs
2024-04-02	0.0031000000000000003	kPrivacySandboxAdsAPIs
2024-04-03	0.0032000000000000006	kPrivacySandboxAdsAPIs
2024-04-04	0.0034	kPrivacySandboxAdsAPIs
2024-04-05	0.0029	kPrivacySandboxAdsAPIs
2024-04-06	0.0022	kPrivacySandboxAdsAPIs
2024-04-07	0.0022	kPrivacySandboxAdsAPIs
2024-04-08	0.0032000000000000006	kPrivacySandboxAdsAPIs
2024-04-09	0.0030000000000000005	kPrivacySandboxAdsAPIs
2024-04-10	0.0029	kPrivacySandboxAdsAPIs
2024-04-11	0.0033000000000000004	kPrivacySandboxAdsAPIs
2024-04-12	0.0028	kPrivacySandboxAdsAPIs
2024-04-13	0.002	kPrivacySandboxAdsAPIs
2024-04-14	0.0024000000000000002	kPrivacySandboxAdsAPIs
2024-04-15	0.0034	kPrivacySandboxAdsAPIs
2024-04-16	0.0029	kPrivacySandboxAdsAPIs
2024-04-17	0.0030000000000000005	kPrivacySandboxAdsAPIs
2024-04-18	0.0028	kPrivacySandboxAdsAPIs
2024-04-19	0.0025	kPrivacySandboxAdsAPIs
2024-04-20	0.0014	kPrivacySandboxAdsAPIs
2024-04-21	0.0022	kPrivacySandboxAdsAPIs
2024-04-22	0.0028	kPrivacySandboxAdsAPIs
2024-04-23	0.0026000000000000003	kPrivacySandboxAdsAPIs
2024-04-24	0.0028	kPrivacySandboxAdsAPIs
2024-04-25	0.0026000000000000003	kPrivacySandboxAdsAPIs
2024-04-26	0.0022	kPrivacySandboxAdsAPIs
2024-04-27	0.0015000000000000002	kPrivacySandboxAdsAPIs
2024-04-28	0.0017000000000000003	kPrivacySandboxAdsAPIs
2024-04-29	0.0025	kPrivacySandboxAdsAPIs
2024-04-30	0.0021000000000000003	kPrivacySandboxAdsAPIs
2024-05-01	0.002	kPrivacySandboxAdsAPIs
2024-05-02	0.0024000000000000002	kPrivacySandboxAdsAPIs
2024-05-03	0.002	kPrivacySandboxAdsAPIs
2024-05-04	0.0015000000000000002	kPrivacySandboxAdsAPIs
2024-05-05	0.0016000000000000003	kPrivacySandboxAdsAPIs
2024-05-06	0.0025	kPrivacySandboxAdsAPIs
2024-05-07	0.0023	kPrivacySandboxAdsAPIs
2024-05-08	0.0026000000000000003	kPrivacySandboxAdsAPIs
2024-05-09	0.0026000000000000003	kPrivacySandboxAdsAPIs
2024-05-10	0.0022	kPrivacySandboxAdsAPIs
2024-05-11	0.0018	kPrivacySandboxAdsAPIs
2024-05-12	0.0021000000000000003	kPrivacySandboxAdsAPIs
2024-05-13	0.0023	kPrivacySandboxAdsAPIs
2024-05-14	0.0022	kPrivacySandboxAdsAPIs
2024-05-15	0.0024000000000000002	kPrivacySandboxAdsAPIs
2024-05-16	0.0022	kPrivacySandboxAdsAPIs
2024-05-17	0.0024000000000000002	kPrivacySandboxAdsAPIs
2024-05-18	0.0017000000000000003	kPrivacySandboxAdsAPIs
2024-05-19	0.002	kPrivacySandboxAdsAPIs
2024-05-20	0.0029	kPrivacySandboxAdsAPIs
2024-05-21	0.0022	kPrivacySandboxAdsAPIs
2024-05-22	0.0026000000000000003	kPrivacySandboxAdsAPIs
2024-05-23	0.0023	kPrivacySandboxAdsAPIs
2024-05-24	0.002	kPrivacySandboxAdsAPIs
2024-05-25	0.0014	kPrivacySandboxAdsAPIs
2024-05-26	0.0018	kPrivacySandboxAdsAPIs
2024-05-27	0.0021000000000000003	kPrivacySandboxAdsAPIs
2024-05-28	0.0025	kPrivacySandboxAdsAPIs
2024-05-29	0.0019000000000000002	kPrivacySandboxAdsAPIs
2024-05-30	0.0019000000000000002	kPrivacySandboxAdsAPIs
2024-05-31	0.0017000000000000003	kPrivacySandboxAdsAPIs
2024-06-01	0.0015000000000000002	kPrivacySandboxAdsAPIs
2024-06-02	0.0019000000000000002	kPrivacySandboxAdsAPIs
2024-06-03	0.0019000000000000002	kPrivacySandboxAdsAPIs
2024-06-04	0.0018	kPrivacySandboxAdsAPIs
2024-06-05	0.0021000000000000003	kPrivacySandboxAdsAPIs
2024-06-06	0.0019000000000000002	kPrivacySandboxAdsAPIs
2024-06-07	0.0015000000000000002	kPrivacySandboxAdsAPIs
2024-06-08	0.0013000000000000002	kPrivacySandboxAdsAPIs
2024-06-09	0.0017000000000000003	kPrivacySandboxAdsAPIs
2024-06-10	0.0019000000000000002	kPrivacySandboxAdsAPIs
2024-06-11	0.0018	kPrivacySandboxAdsAPIs
2024-06-12	0.0021000000000000003	kPrivacySandboxAdsAPIs
2024-06-13	0.0019000000000000002	kPrivacySandboxAdsAPIs
2024-06-14	0.002	kPrivacySandboxAdsAPIs
2024-06-15	0.0015000000000000002	kPrivacySandboxAdsAPIs
2024-06-16	0.0018	kPrivacySandboxAdsAPIs
2024-06-17	0.0017000000000000003	kPrivacySandboxAdsAPIs
2024-06-18	0.0019000000000000002	kPrivacySandboxAdsAPIs
2024-06-19	0.0019000000000000002	kPrivacySandboxAdsAPIs
2024-06-20	0.002	kPrivacySandboxAdsAPIs
2024-06-21	0.0018	kPrivacySandboxAdsAPIs
2024-06-22	0.0014	kPrivacySandboxAdsAPIs
2024-06-23	0.0019000000000000002	kPrivacySandboxAdsAPIs
2024-06-24	0.0019000000000000002	kPrivacySandboxAdsAPIs
2024-06-25	0.0019000000000000002	kPrivacySandboxAdsAPIs
2024-06-26	0.0017000000000000003	kPrivacySandboxAdsAPIs
2024-06-27	0.0019000000000000002	kPrivacySandboxAdsAPIs
2024-06-28	0.0018	kPrivacySandboxAdsAPIs
2024-06-29	0.0018	kPrivacySandboxAdsAPIs
2024-06-30	0.002	kPrivacySandboxAdsAPIs
2024-07-01	0.0048000000000000004	kPrivacySandboxAdsAPIs
2024-07-02	0.0013000000000000002	kPrivacySandboxAdsAPIs
2024-07-03	0.0016000000000000003	kPrivacySandboxAdsAPIs
2024-07-04	0.0016000000000000003	kPrivacySandboxAdsAPIs
2024-07-05	0.0014	kPrivacySandboxAdsAPIs
2024-07-06	0.0012000000000000001	kPrivacySandboxAdsAPIs
2024-07-07	0.0013000000000000002	kPrivacySandboxAdsAPIs
2024-07-08	0.0014	kPrivacySandboxAdsAPIs
2024-07-09	0.0014	kPrivacySandboxAdsAPIs
2024-07-10	0.0012000000000000001	kPrivacySandboxAdsAPIs
2024-07-11	0.0015000000000000002	kPrivacySandboxAdsAPIs
2024-07-12	0.0012000000000000001	kPrivacySandboxAdsAPIs
2024-07-13	0.0011	kPrivacySandboxAdsAPIs
2024-07-14	0.0013000000000000002	kPrivacySandboxAdsAPIs
2024-07-15	0.0012000000000000001	kPrivacySandboxAdsAPIs
2024-07-16	0.0033000000000000004	kPrivacySandboxAdsAPIs
2024-07-17	0.0014	kPrivacySandboxAdsAPIs
2024-07-18	0.8721999999999999	kPrivacySandboxAdsAPIs
2024-07-19	4.0664	kPrivacySandboxAdsAPIs
2024-07-20	5.6697	kPrivacySandboxAdsAPIs
2024-07-21	6.1602	kPrivacySandboxAdsAPIs
2024-07-22	6.3843	kPrivacySandboxAdsAPIs
2024-07-23	6.7388	kPrivacySandboxAdsAPIs
2024-07-24	7.599	kPrivacySandboxAdsAPIs
2024-07-25	11.6506	kPrivacySandboxAdsAPIs
2024-07-26	14.2707	kPrivacySandboxAdsAPIs
2024-07-27	16.4355	kPrivacySandboxAdsAPIs
2024-07-28	16.859199999999998	kPrivacySandboxAdsAPIs
2024-07-29	16.1888	kPrivacySandboxAdsAPIs
2024-07-30	16.6134	kPrivacySandboxAdsAPIs
2024-07-31	17.6135	kPrivacySandboxAdsAPIs
2024-08-01	20.171599999999998	kPrivacySandboxAdsAPIs
2024-08-02	20.763299999999997	kPrivacySandboxAdsAPIs
2024-08-03	21.429299999999998	kPrivacySandboxAdsAPIs
2024-08-04	21.6333	kPrivacySandboxAdsAPIs
2024-08-05	20.6039	kPrivacySandboxAdsAPIs
2024-08-06	20.6272	kPrivacySandboxAdsAPIs
2024-08-07	20.5591	kPrivacySandboxAdsAPIs
2024-08-08	20.575499999999998	kPrivacySandboxAdsAPIs
2024-08-09	20.8344	kPrivacySandboxAdsAPIs
2024-08-10	21.4733	kPrivacySandboxAdsAPIs
2024-08-11	21.451199999999996	kPrivacySandboxAdsAPIs
2024-08-12	20.3493	kPrivacySandboxAdsAPIs
2024-08-13	20.5843	kPrivacySandboxAdsAPIs
2024-08-14	20.8085	kPrivacySandboxAdsAPIs
2024-08-15	20.9715	kPrivacySandboxAdsAPIs
2024-08-16	20.857499999999998	kPrivacySandboxAdsAPIs
2024-08-17	22.153399999999998	kPrivacySandboxAdsAPIs
2024-08-18	22.249000000000002	kPrivacySandboxAdsAPIs
2024-08-19	20.885099999999998	kPrivacySandboxAdsAPIs
2024-08-20	20.6447	kPrivacySandboxAdsAPIs
2024-08-21	21.406799999999997	kPrivacySandboxAdsAPIs
2024-08-22	23.8033	kPrivacySandboxAdsAPIs
2024-08-23	26.192899999999998	kPrivacySandboxAdsAPIs
2024-08-24	30.1515	kPrivacySandboxAdsAPIs
2024-08-25	29.6221	kPrivacySandboxAdsAPIs
2024-08-26	26.155155	kPrivacySandboxAdsAPIs
2024-08-27	26.26861	kPrivacySandboxAdsAPIs
2024-08-28	25.768156000000005	kPrivacySandboxAdsAPIs
2024-08-29	25.457278	kPrivacySandboxAdsAPIs
2024-08-30	26.183899999999998	kPrivacySandboxAdsAPIs
2024-08-31	28.915858	kPrivacySandboxAdsAPIs
2024-09-01	28.330558	kPrivacySandboxAdsAPIs
2024-09-02	25.958638	kPrivacySandboxAdsAPIs
2024-09-03	24.946106	kPrivacySandboxAdsAPIs
2024-09-04	25.875329	kPrivacySandboxAdsAPIs
2024-09-05	26.455526000000003	kPrivacySandboxAdsAPIs
2024-09-06	27.241943000000003	kPrivacySandboxAdsAPIs
2024-09-07	30.208911	kPrivacySandboxAdsAPIs
2024-09-08	29.447805	kPrivacySandboxAdsAPIs
2024-09-09	25.899809	kPrivacySandboxAdsAPIs
2024-09-10	25.630482999999998	kPrivacySandboxAdsAPIs
2024-09-11	25.407808	kPrivacySandboxAdsAPIs
2024-09-12	25.096638	kPrivacySandboxAdsAPIs
2024-09-13	25.498038	kPrivacySandboxAdsAPIs
2024-09-14	29.630639999999996	kPrivacySandboxAdsAPIs
2024-09-15	29.708734000000003	kPrivacySandboxAdsAPIs
2024-09-16	25.195414	kPrivacySandboxAdsAPIs
2024-09-17	24.751887	kPrivacySandboxAdsAPIs
2024-09-18	24.569175	kPrivacySandboxAdsAPIs
2024-09-19	24.315394	kPrivacySandboxAdsAPIs
2024-09-20	24.763611	kPrivacySandboxAdsAPIs
2024-09-21	29.394675	kPrivacySandboxAdsAPIs
2024-09-22	28.825524	kPrivacySandboxAdsAPIs
2024-09-23	24.037456000000002	kPrivacySandboxAdsAPIs
2024-09-24	24.142451	kPrivacySandboxAdsAPIs
2024-09-25	24.396535	kPrivacySandboxAdsAPIs
2024-09-26	24.094259	kPrivacySandboxAdsAPIs
2024-09-27	26.642193000000002	kPrivacySandboxAdsAPIs
2024-09-28	30.097452000000004	kPrivacySandboxAdsAPIs
2024-09-29	29.775709	kPrivacySandboxAdsAPIs
2024-09-30	26.760973999999997	kPrivacySandboxAdsAPIs
2024-10-01	27.136073	kPrivacySandboxAdsAPIs
2024-10-02	27.320673	kPrivacySandboxAdsAPIs
2024-10-03	27.103454999999997	kPrivacySandboxAdsAPIs
2024-10-04	27.426434999999998	kPrivacySandboxAdsAPIs
2024-10-05	29.967022	kPrivacySandboxAdsAPIs
2024-10-06	30.092402	kPrivacySandboxAdsAPIs
2024-10-07	26.331758	kPrivacySandboxAdsAPIs
2024-10-08	25.978558000000003	kPrivacySandboxAdsAPIs
2024-10-09	25.815291000000002	kPrivacySandboxAdsAPIs
2024-10-10	25.518987	kPrivacySandboxAdsAPIs
2024-10-11	26.051211000000002	kPrivacySandboxAdsAPIs
2024-10-12	29.581174999999998	kPrivacySandboxAdsAPIs
2024-10-13	29.124229	kPrivacySandboxAdsAPIs
2024-10-14	25.607698	kPrivacySandboxAdsAPIs
2024-10-15	24.851529	kPrivacySandboxAdsAPIs
2024-10-16	24.702283	kPrivacySandboxAdsAPIs
2024-10-17	24.496486	kPrivacySandboxAdsAPIs
2024-10-18	24.682743000000002	kPrivacySandboxAdsAPIs
2024-10-19	28.478061999999998	kPrivacySandboxAdsAPIs
2024-10-20	27.571451000000003	kPrivacySandboxAdsAPIs
2024-10-21	23.000362	kPrivacySandboxAdsAPIs
2024-10-22	22.019905	kPrivacySandboxAdsAPIs
2024-10-23	28.595205	kPrivacySandboxAdsAPIs
2024-10-24	27.856972000000003	kPrivacySandboxAdsAPIs
2024-10-25	28.281106	kPrivacySandboxAdsAPIs
2024-10-26	30.810243	kPrivacySandboxAdsAPIs
2024-10-27	30.217334	kPrivacySandboxAdsAPIs
2024-10-28	27.173249	kPrivacySandboxAdsAPIs
2024-10-29	27.173316000000003	kPrivacySandboxAdsAPIs
2024-10-30	27.266474000000002	kPrivacySandboxAdsAPIs
2024-10-31	27.267932000000002	kPrivacySandboxAdsAPIs
2024-11-01	28.524505	kPrivacySandboxAdsAPIs
2024-11-02	30.908793000000003	kPrivacySandboxAdsAPIs
2024-11-03	30.137361000000002	kPrivacySandboxAdsAPIs
2024-11-04	26.924440999999998	kPrivacySandboxAdsAPIs
2024-11-05	27.624771	kPrivacySandboxAdsAPIs
2024-11-06	26.570862	kPrivacySandboxAdsAPIs
2024-11-07	25.890765	kPrivacySandboxAdsAPIs
2024-11-08	26.560766	kPrivacySandboxAdsAPIs
2024-11-09	30.348189000000005	kPrivacySandboxAdsAPIs
2024-11-10	29.651267000000004	kPrivacySandboxAdsAPIs
2024-11-11	26.247577	kPrivacySandboxAdsAPIs
2024-11-12	25.114066	kPrivacySandboxAdsAPIs
2024-11-13	25.206442000000003	kPrivacySandboxAdsAPIs
2024-11-14	25.002694	kPrivacySandboxAdsAPIs
2024-11-15	25.561348	kPrivacySandboxAdsAPIs
2024-11-16	29.575646	kPrivacySandboxAdsAPIs
2024-11-17	28.497252	kPrivacySandboxAdsAPIs
2024-11-18	23.784126999999998	kPrivacySandboxAdsAPIs
2024-11-19	27.971595	kPrivacySandboxAdsAPIs
2024-11-20	28.112883	kPrivacySandboxAdsAPIs
2024-11-21	28.012988	kPrivacySandboxAdsAPIs
2024-11-22	28.913754000000004	kPrivacySandboxAdsAPIs
2024-11-23	31.616274999999998	kPrivacySandboxAdsAPIs
2024-11-24	31.153008	kPrivacySandboxAdsAPIs
2024-11-25	27.926186	kPrivacySandboxAdsAPIs
2024-11-26	27.980432	kPrivacySandboxAdsAPIs
2024-11-27	28.245767999999998	kPrivacySandboxAdsAPIs
2024-11-28	28.952056	kPrivacySandboxAdsAPIs
2024-11-29	30.255869	kPrivacySandboxAdsAPIs
2024-11-30	31.227908999999997	kPrivacySandboxAdsAPIs
2024-12-01	30.545166000000002	kPrivacySandboxAdsAPIs
2024-12-02	27.677319999999998	kPrivacySandboxAdsAPIs
2024-12-03	27.297556	kPrivacySandboxAdsAPIs
2024-12-04	27.340771000000004	kPrivacySandboxAdsAPIs
2024-12-05	27.308428000000003	kPrivacySandboxAdsAPIs
2024-12-06	28.075211	kPrivacySandboxAdsAPIs
2024-12-07	30.623599000000002	kPrivacySandboxAdsAPIs
2024-12-08	29.884141000000003	kPrivacySandboxAdsAPIs
2024-12-09	26.970154	kPrivacySandboxAdsAPIs
2024-12-10	27.080356	kPrivacySandboxAdsAPIs
2024-12-11	27.185933000000002	kPrivacySandboxAdsAPIs
2024-12-12	27.17363	kPrivacySandboxAdsAPIs
2024-12-13	27.834258000000002	kPrivacySandboxAdsAPIs
2024-12-14	30.467426000000003	kPrivacySandboxAdsAPIs
2024-12-15	29.909326000000004	kPrivacySandboxAdsAPIs
2024-12-16	26.873106000000003	kPrivacySandboxAdsAPIs
2024-12-17	26.870774000000004	kPrivacySandboxAdsAPIs
2024-12-18	26.704012	kPrivacySandboxAdsAPIs
2024-12-19	26.661341	kPrivacySandboxAdsAPIs
2024-12-20	27.558925000000002	kPrivacySandboxAdsAPIs
2024-12-21	30.204959999999996	kPrivacySandboxAdsAPIs
2024-12-22	29.780418000000004	kPrivacySandboxAdsAPIs
2024-12-23	27.36012	kPrivacySandboxAdsAPIs
2024-12-24	28.168374	kPrivacySandboxAdsAPIs
2024-12-25	29.157963	kPrivacySandboxAdsAPIs
2024-12-26	28.612417	kPrivacySandboxAdsAPIs
2024-12-27	28.947751	kPrivacySandboxAdsAPIs
2024-12-28	30.682851	kPrivacySandboxAdsAPIs
2024-12-29	30.362657999999996	kPrivacySandboxAdsAPIs
2024-12-30	28.045082	kPrivacySandboxAdsAPIs
2024-12-31	29.254458	kPrivacySandboxAdsAPIs
2025-01-01	29.638682	kPrivacySandboxAdsAPIs
2025-01-02	28.040899000000003	kPrivacySandboxAdsAPIs
2025-01-03	28.809362	kPrivacySandboxAdsAPIs
2025-01-04	30.705589	kPrivacySandboxAdsAPIs
2025-01-05	29.787431	kPrivacySandboxAdsAPIs
2025-01-06	27.091703	kPrivacySandboxAdsAPIs
2025-01-07	26.721555000000002	kPrivacySandboxAdsAPIs
2025-01-08	26.760538	kPrivacySandboxAdsAPIs
2025-01-09	26.555469999999996	kPrivacySandboxAdsAPIs
2025-01-10	27.032414	kPrivacySandboxAdsAPIs
2025-01-11	30.237282	kPrivacySandboxAdsAPIs
2025-01-12	29.580782	kPrivacySandboxAdsAPIs
2025-01-13	25.571942000000004	kPrivacySandboxAdsAPIs
2025-01-14	25.453419	kPrivacySandboxAdsAPIs
2025-01-15	25.195873000000002	kPrivacySandboxAdsAPIs
2025-01-16	24.840156	kPrivacySandboxAdsAPIs
2025-01-17	25.117715	kPrivacySandboxAdsAPIs
2025-01-18	29.157698	kPrivacySandboxAdsAPIs
2025-01-19	28.235119000000005	kPrivacySandboxAdsAPIs
2025-01-20	25.737175	kPrivacySandboxAdsAPIs
2025-01-21	24.138344	kPrivacySandboxAdsAPIs
2025-01-22	24.139598	kPrivacySandboxAdsAPIs
2025-01-23	23.736669	kPrivacySandboxAdsAPIs
2025-01-24	24.143735	kPrivacySandboxAdsAPIs
2025-01-25	28.285871	kPrivacySandboxAdsAPIs
2025-01-26	27.700433000000004	kPrivacySandboxAdsAPIs
2025-01-27	23.508626	kPrivacySandboxAdsAPIs
2025-01-28	26.274232	kPrivacySandboxAdsAPIs
2025-01-29	26.201724	kPrivacySandboxAdsAPIs
2025-01-30	25.613469	kPrivacySandboxAdsAPIs
2025-01-31	26.079902999999998	kPrivacySandboxAdsAPIs
2025-02-01	30.534495	kPrivacySandboxAdsAPIs
2025-02-02	29.694338	kPrivacySandboxAdsAPIs
2025-02-03	25.229393	kPrivacySandboxAdsAPIs
2025-02-04	24.956845	kPrivacySandboxAdsAPIs
2025-02-05	24.910229	kPrivacySandboxAdsAPIs
2025-02-06	24.883377	kPrivacySandboxAdsAPIs
2025-02-07	25.069722	kPrivacySandboxAdsAPIs
2025-02-08	29.858113000000003	kPrivacySandboxAdsAPIs
2025-02-09	29.059904000000003	kPrivacySandboxAdsAPIs
2025-02-10	24.578119	kPrivacySandboxAdsAPIs
2025-02-11	24.092709	kPrivacySandboxAdsAPIs
2025-02-12	23.314207	kPrivacySandboxAdsAPIs
2025-02-13	29.263525	kPrivacySandboxAdsAPIs
2025-02-14	29.656704	kPrivacySandboxAdsAPIs
2025-02-15	31.979793	kPrivacySandboxAdsAPIs
2025-02-16	31.193181000000003	kPrivacySandboxAdsAPIs
2025-02-17	28.538324	kPrivacySandboxAdsAPIs
2025-02-18	27.994127000000002	kPrivacySandboxAdsAPIs
2025-02-19	27.769808	kPrivacySandboxAdsAPIs
2025-02-20	27.500617	kPrivacySandboxAdsAPIs
2025-02-21	27.936942	kPrivacySandboxAdsAPIs
2025-02-22	30.516802	kPrivacySandboxAdsAPIs
2025-02-23	30.072683	kPrivacySandboxAdsAPIs
2025-02-24	26.662259	kPrivacySandboxAdsAPIs
2025-02-25	26.720652	kPrivacySandboxAdsAPIs
2025-02-26	26.765479999999997	kPrivacySandboxAdsAPIs
2025-02-27	24.043699	kPrivacySandboxAdsAPIs
2025-02-28	24.278343	kPrivacySandboxAdsAPIs
2025-03-01	28.033054	kPrivacySandboxAdsAPIs
2025-03-02	29.602873000000002	kPrivacySandboxAdsAPIs
2025-03-03	25.816459000000002	kPrivacySandboxAdsAPIs
2025-03-04	26.170644	kPrivacySandboxAdsAPIs
2025-03-05	25.798726	kPrivacySandboxAdsAPIs
2025-03-06	25.179593999999998	kPrivacySandboxAdsAPIs
2025-03-07	25.956733999999997	kPrivacySandboxAdsAPIs
2025-03-08	29.915149000000003	kPrivacySandboxAdsAPIs
2025-03-09	29.625707000000002	kPrivacySandboxAdsAPIs
2025-03-10	25.105393	kPrivacySandboxAdsAPIs
2025-03-11	25.554869999999998	kPrivacySandboxAdsAPIs
2025-03-12	26.000771	kPrivacySandboxAdsAPIs
2025-03-13	25.768599999999996	kPrivacySandboxAdsAPIs
2025-03-14	27.225621999999998	kPrivacySandboxAdsAPIs
2025-03-15	30.915037	kPrivacySandboxAdsAPIs
2025-03-16	30.434566	kPrivacySandboxAdsAPIs
2025-03-17	27.058241	kPrivacySandboxAdsAPIs
2025-03-18	27.102207	kPrivacySandboxAdsAPIs
2025-03-19	27.220408000000003	kPrivacySandboxAdsAPIs
2025-03-20	27.282011	kPrivacySandboxAdsAPIs
2025-03-21	27.810012	kPrivacySandboxAdsAPIs
2025-03-22	30.652584	kPrivacySandboxAdsAPIs
2025-03-23	30.416621	kPrivacySandboxAdsAPIs
2025-03-24	26.903878000000002	kPrivacySandboxAdsAPIs
2025-03-25	26.969963000000003	kPrivacySandboxAdsAPIs
2025-03-26	26.816688	kPrivacySandboxAdsAPIs
2025-03-27	26.649302000000002	kPrivacySandboxAdsAPIs
2025-03-28	27.081079000000003	kPrivacySandboxAdsAPIs
2025-03-29	30.181261	kPrivacySandboxAdsAPIs
2025-03-30	29.813987000000004	kPrivacySandboxAdsAPIs
2025-03-31	25.975782000000002	kPrivacySandboxAdsAPIs
2025-04-01	25.832234999999997	kPrivacySandboxAdsAPIs
2025-04-02	25.982939	kPrivacySandboxAdsAPIs
2025-04-03	25.842165	kPrivacySandboxAdsAPIs
2025-04-04	26.163736999999998	kPrivacySandboxAdsAPIs
2025-04-05	29.472376999999998	kPrivacySandboxAdsAPIs
2025-04-06	28.600944000000002	kPrivacySandboxAdsAPIs
2025-04-07	24.916445	kPrivacySandboxAdsAPIs
2025-04-08	25.419037	kPrivacySandboxAdsAPIs
2025-04-09	27.475485	kPrivacySandboxAdsAPIs
2025-04-10	27.370049	kPrivacySandboxAdsAPIs
2025-04-11	27.897299000000004	kPrivacySandboxAdsAPIs
2025-04-12	30.472766	kPrivacySandboxAdsAPIs
2025-04-13	30.086377000000002	kPrivacySandboxAdsAPIs
2025-04-14	27.048324	kPrivacySandboxAdsAPIs
2025-04-15	26.980442	kPrivacySandboxAdsAPIs
2025-04-16	27.142891000000002	kPrivacySandboxAdsAPIs
2025-04-17	27.385386	kPrivacySandboxAdsAPIs
2025-04-18	28.930504000000003	kPrivacySandboxAdsAPIs
2025-04-19	30.099954	kPrivacySandboxAdsAPIs
2025-04-20	29.560674	kPrivacySandboxAdsAPIs
2025-04-21	27.282774	kPrivacySandboxAdsAPIs
2025-04-22	26.669039	kPrivacySandboxAdsAPIs
2025-04-23	26.784156	kPrivacySandboxAdsAPIs
2025-04-24	26.608843999999998	kPrivacySandboxAdsAPIs
2025-04-25	27.068026	kPrivacySandboxAdsAPIs
2025-04-26	29.504486000000004	kPrivacySandboxAdsAPIs
2025-04-27	29.031181	kPrivacySandboxAdsAPIs
2025-04-28	26.025709000000003	kPrivacySandboxAdsAPIs
2025-04-29	25.971358	kPrivacySandboxAdsAPIs
2025-04-30	26.127024	kPrivacySandboxAdsAPIs
2025-05-01	27.162141000000002	kPrivacySandboxAdsAPIs
2025-05-02	26.864152	kPrivacySandboxAdsAPIs
2025-05-03	29.628029	kPrivacySandboxAdsAPIs
2025-05-04	29.494681	kPrivacySandboxAdsAPIs
2025-05-05	26.026168	kPrivacySandboxAdsAPIs
2025-05-06	25.192201000000004	kPrivacySandboxAdsAPIs
2025-05-07	24.124276000000002	kPrivacySandboxAdsAPIs
2025-05-08	23.962477	kPrivacySandboxAdsAPIs
2025-05-09	28.342064999999998	kPrivacySandboxAdsAPIs
2025-05-10	30.196435	kPrivacySandboxAdsAPIs
2025-05-11	29.622535	kPrivacySandboxAdsAPIs
2025-05-12	26.682652	kPrivacySandboxAdsAPIs
2025-05-13	26.441367	kPrivacySandboxAdsAPIs
2025-05-14	26.530781000000005	kPrivacySandboxAdsAPIs
2025-05-15	26.384653000000004	kPrivacySandboxAdsAPIs
2025-05-16	26.861987	kPrivacySandboxAdsAPIs
2025-05-17	29.480145	kPrivacySandboxAdsAPIs
2025-05-18	29.216749000000004	kPrivacySandboxAdsAPIs
2025-05-19	26.089578000000003	kPrivacySandboxAdsAPIs
2025-05-20	26.022879	kPrivacySandboxAdsAPIs
2025-05-21	26.031587000000002	kPrivacySandboxAdsAPIs
2025-05-22	25.976367	kPrivacySandboxAdsAPIs
2025-05-23	26.747775	kPrivacySandboxAdsAPIs
2025-05-24	29.122681	kPrivacySandboxAdsAPIs
2025-05-25	28.770584	kPrivacySandboxAdsAPIs
2025-05-26	26.723439	kPrivacySandboxAdsAPIs
2025-05-27	25.972671000000002	kPrivacySandboxAdsAPIs
2025-05-28	26.220009	kPrivacySandboxAdsAPIs
2025-05-29	26.374268	kPrivacySandboxAdsAPIs
2025-05-30	26.706787	kPrivacySandboxAdsAPIs
2025-05-31	28.81102	kPrivacySandboxAdsAPIs
2025-06-01	29.110283	kPrivacySandboxAdsAPIs
2025-06-02	26.222255999999998	kPrivacySandboxAdsAPIs
2025-06-03	26.368135	kPrivacySandboxAdsAPIs
2025-06-04	26.380517000000005	kPrivacySandboxAdsAPIs
2025-06-05	24.845496999999998	kPrivacySandboxAdsAPIs
2025-06-06	26.06868	kPrivacySandboxAdsAPIs
2025-06-07	28.624093000000002	kPrivacySandboxAdsAPIs
2025-06-08	28.107739999999996	kPrivacySandboxAdsAPIs
2025-06-09	25.353186	kPrivacySandboxAdsAPIs
2025-06-10	25.242309000000002	kPrivacySandboxAdsAPIs
2025-06-11	25.104748999999998	kPrivacySandboxAdsAPIs
2025-06-12	25.233119	kPrivacySandboxAdsAPIs
2025-06-13	25.807768000000003	kPrivacySandboxAdsAPIs
2025-06-14	27.939648000000002	kPrivacySandboxAdsAPIs
2025-06-15	27.387412	kPrivacySandboxAdsAPIs
2025-06-16	24.885130999999998	kPrivacySandboxAdsAPIs
2025-06-17	24.933492	kPrivacySandboxAdsAPIs
2025-06-18	24.945940999999998	kPrivacySandboxAdsAPIs
2025-06-19	25.342008999999997	kPrivacySandboxAdsAPIs
2025-06-20	25.579338	kPrivacySandboxAdsAPIs
2025-06-21	27.701631	kPrivacySandboxAdsAPIs
2025-06-22	27.330154	kPrivacySandboxAdsAPIs
2025-06-23	24.895181	kPrivacySandboxAdsAPIs
2025-06-24	24.958198	kPrivacySandboxAdsAPIs
2025-06-25	24.701015	kPrivacySandboxAdsAPIs
2025-06-26	24.690622	kPrivacySandboxAdsAPIs
2025-06-27	25.053935	kPrivacySandboxAdsAPIs
2025-06-28	27.026205000000004	kPrivacySandboxAdsAPIs
2025-06-29	26.497328000000003	kPrivacySandboxAdsAPIs
2025-06-30	24.078546	kPrivacySandboxAdsAPIs
2025-07-01	24.156884	kPrivacySandboxAdsAPIs
2025-07-02	24.20289	kPrivacySandboxAdsAPIs
2025-07-03	24.416944	kPrivacySandboxAdsAPIs
2025-07-04	25.411475	kPrivacySandboxAdsAPIs
2025-07-05	27.151153	kPrivacySandboxAdsAPIs
2025-07-06	26.681663	kPrivacySandboxAdsAPIs
2025-07-07	24.240391	kPrivacySandboxAdsAPIs
2025-07-08	25.472536	kPrivacySandboxAdsAPIs
2025-07-09	25.783502000000002	kPrivacySandboxAdsAPIs
2025-07-10	25.570970999999997	kPrivacySandboxAdsAPIs
2025-07-11	26.260444999999997	kPrivacySandboxAdsAPIs
2025-07-12	28.562028	kPrivacySandboxAdsAPIs
2025-07-13	28.213419000000002	kPrivacySandboxAdsAPIs
2025-07-14	25.630148000000002	kPrivacySandboxAdsAPIs
2025-07-15	25.446856	kPrivacySandboxAdsAPIs
2025-07-16	25.652693999999997	kPrivacySandboxAdsAPIs
2025-07-17	25.615284	kPrivacySandboxAdsAPIs
2025-07-18	26.160771999999998	kPrivacySandboxAdsAPIs
2025-07-19	28.247658000000005	kPrivacySandboxAdsAPIs
2025-07-20	27.952986000000003	kPrivacySandboxAdsAPIs
2025-07-21	25.458616	kPrivacySandboxAdsAPIs
2025-07-22	25.615094	kPrivacySandboxAdsAPIs
2025-07-23	26.242811	kPrivacySandboxAdsAPIs
2025-07-24	26.47699	kPrivacySandboxAdsAPIs
2025-07-25	27.058323	kPrivacySandboxAdsAPIs
2025-07-26	29.313157	kPrivacySandboxAdsAPIs
2025-07-27	28.916878	kPrivacySandboxAdsAPIs
2025-07-28	26.146461	kPrivacySandboxAdsAPIs
2025-07-29	26.220633	kPrivacySandboxAdsAPIs
2025-07-30	26.157537	kPrivacySandboxAdsAPIs
2025-07-31	26.051661	kPrivacySandboxAdsAPIs
2025-08-01	26.632491	kPrivacySandboxAdsAPIs
2025-08-02	29.001317	kPrivacySandboxAdsAPIs
2025-08-03	28.574978	kPrivacySandboxAdsAPIs
2025-08-04	25.836761000000003	kPrivacySandboxAdsAPIs
2025-08-05	25.807479999999998	kPrivacySandboxAdsAPIs
2025-08-06	25.884881999999998	kPrivacySandboxAdsAPIs
2025-08-07	25.888777	kPrivacySandboxAdsAPIs
2025-08-08	26.486486	kPrivacySandboxAdsAPIs
2025-08-09	28.628196	kPrivacySandboxAdsAPIs
2025-08-10	28.195683	kPrivacySandboxAdsAPIs
2025-08-11	25.429575999999997	kPrivacySandboxAdsAPIs
2025-08-12	24.622231	kPrivacySandboxAdsAPIs
2025-08-13	27.388758000000003	kPrivacySandboxAdsAPIs
2025-08-14	27.266395999999997	kPrivacySandboxAdsAPIs
2025-08-15	28.095275000000004	kPrivacySandboxAdsAPIs
2025-08-16	29.829424	kPrivacySandboxAdsAPIs
2025-08-17	29.104193000000002	kPrivacySandboxAdsAPIs
2025-08-18	26.253531000000002	kPrivacySandboxAdsAPIs
2025-08-19	26.129925	kPrivacySandboxAdsAPIs
2025-08-20	25.827269	kPrivacySandboxAdsAPIs
2025-08-21	25.81542	kPrivacySandboxAdsAPIs
2025-08-22	26.364071	kPrivacySandboxAdsAPIs
2025-08-23	28.772775	kPrivacySandboxAdsAPIs
2025-08-24	28.209905000000003	kPrivacySandboxAdsAPIs
2025-08-25	25.300172999999997	kPrivacySandboxAdsAPIs
2025-08-26	25.287994	kPrivacySandboxAdsAPIs
2025-08-27	25.435445	kPrivacySandboxAdsAPIs
2025-08-28	25.324515	kPrivacySandboxAdsAPIs
2025-08-29	26.049576000000002	kPrivacySandboxAdsAPIs
2025-08-30	28.547361	kPrivacySandboxAdsAPIs
2025-08-31	27.994485	kPrivacySandboxAdsAPIs
2025-09-01	25.904241	kPrivacySandboxAdsAPIs
2025-09-02	24.889332	kPrivacySandboxAdsAPIs
2025-09-03	24.887641	kPrivacySandboxAdsAPIs
2025-09-04	25.149043	kPrivacySandboxAdsAPIs
2025-09-05	25.543810999999998	kPrivacySandboxAdsAPIs
2025-09-06	28.181269000000004	kPrivacySandboxAdsAPIs
2025-09-07	27.691953	kPrivacySandboxAdsAPIs
2025-09-08	24.349667999999998	kPrivacySandboxAdsAPIs
2025-09-09	24.619581	kPrivacySandboxAdsAPIs
2025-09-10	23.54937	kPrivacySandboxAdsAPIs
2025-09-11	26.607104	kPrivacySandboxAdsAPIs
2025-09-12	27.090147	kPrivacySandboxAdsAPIs
2025-09-13	29.593322999999998	kPrivacySandboxAdsAPIs
2025-09-14	29.210554	kPrivacySandboxAdsAPIs
2025-09-15	25.663227	kPrivacySandboxAdsAPIs
2025-09-16	25.774089	kPrivacySandboxAdsAPIs
2025-09-17	25.751205	kPrivacySandboxAdsAPIs
2025-09-18	25.628884000000003	kPrivacySandboxAdsAPIs
2025-09-19	26.194753999999996	kPrivacySandboxAdsAPIs
2025-09-20	28.805685000000004	kPrivacySandboxAdsAPIs
2025-09-21	28.523115999999998	kPrivacySandboxAdsAPIs
2025-09-22	25.273342999999997	kPrivacySandboxAdsAPIs
2025-09-23	25.381554	kPrivacySandboxAdsAPIs
2025-09-24	25.356606	kPrivacySandboxAdsAPIs
2025-09-25	25.062602000000002	kPrivacySandboxAdsAPIs
2025-09-26	25.459277000000004	kPrivacySandboxAdsAPIs
2025-09-27	28.133059	kPrivacySandboxAdsAPIs
2025-09-28	28.125523	kPrivacySandboxAdsAPIs
2025-09-29	24.441823000000003	kPrivacySandboxAdsAPIs
2025-09-30	24.582046000000002	kPrivacySandboxAdsAPIs
2025-10-01	24.900216999999998	kPrivacySandboxAdsAPIs
2025-10-02	25.021603	kPrivacySandboxAdsAPIs
2025-10-03	25.217877	kPrivacySandboxAdsAPIs
2025-10-04	28.304629	kPrivacySandboxAdsAPIs
2025-10-05	28.160156000000004	kPrivacySandboxAdsAPIs
2025-10-06	24.485737	kPrivacySandboxAdsAPIs
2025-10-07	23.564749000000003	kPrivacySandboxAdsAPIs
2025-10-08	26.872618	kPrivacySandboxAdsAPIs
2025-10-09	26.580817	kPrivacySandboxAdsAPIs
2025-10-10	27.035744	kPrivacySandboxAdsAPIs
2025-10-11	29.318289000000004	kPrivacySandboxAdsAPIs
2025-10-12	28.923436000000002	kPrivacySandboxAdsAPIs
2025-10-13	25.933981	kPrivacySandboxAdsAPIs
2025-10-14	25.518066	kPrivacySandboxAdsAPIs
2025-10-15	25.256483000000003	kPrivacySandboxAdsAPIs
2025-10-16	24.957803000000002	kPrivacySandboxAdsAPIs
2025-10-17	25.579405	kPrivacySandboxAdsAPIs
2025-10-18	28.227853000000003	kPrivacySandboxAdsAPIs
2025-10-19	28.024499000000002	kPrivacySandboxAdsAPIs
2025-10-20	25.095223	kPrivacySandboxAdsAPIs
2025-10-21	24.995449	kPrivacySandboxAdsAPIs
2025-10-22	24.781863	kPrivacySandboxAdsAPIs
2025-10-23	24.709334	kPrivacySandboxAdsAPIs
2025-10-24	25.0034	kPrivacySandboxAdsAPIs
2025-10-25	28.070614	kPrivacySandboxAdsAPIs
2025-10-26	27.684934	kPrivacySandboxAdsAPIs
2025-10-27	24.26787	kPrivacySandboxAdsAPIs
2025-10-28	23.865009	kPrivacySandboxAdsAPIs
2025-10-29	23.353863999999998	kPrivacySandboxAdsAPIs
2025-10-30	23.134898	kPrivacySandboxAdsAPIs
2025-10-31	23.617921	kPrivacySandboxAdsAPIs
2025-11-01	26.688373	kPrivacySandboxAdsAPIs
2025-11-02	26.546304999999997	kPrivacySandboxAdsAPIs
2025-11-03	22.816987	kPrivacySandboxAdsAPIs
2025-11-04	22.185803	kPrivacySandboxAdsAPIs
2025-11-05	21.072181	kPrivacySandboxAdsAPIs
2025-11-06	25.258414000000002	kPrivacySandboxAdsAPIs
2025-11-07	25.693317999999998	kPrivacySandboxAdsAPIs
2025-11-08	28.190274	kPrivacySandboxAdsAPIs
2025-11-09	27.407047000000002	kPrivacySandboxAdsAPIs
2025-11-10	24.440414	kPrivacySandboxAdsAPIs
2025-11-11	24.800418	kPrivacySandboxAdsAPIs
2025-11-12	24.221657	kPrivacySandboxAdsAPIs
2025-11-13	23.806332	kPrivacySandboxAdsAPIs
2025-11-14	24.236673	kPrivacySandboxAdsAPIs
2025-11-15	26.879579	kPrivacySandboxAdsAPIs
2025-11-16	26.328889999999998	kPrivacySandboxAdsAPIs
2025-11-17	23.599777	kPrivacySandboxAdsAPIs
2025-11-18	23.261568	kPrivacySandboxAdsAPIs
2025-11-19	22.608097	kPrivacySandboxAdsAPIs
2025-11-20	22.678893	kPrivacySandboxAdsAPIs
2025-11-21	23.30829	kPrivacySandboxAdsAPIs
2025-11-22	26.196415000000002	kPrivacySandboxAdsAPIs
2025-11-23	25.772703000000003	kPrivacySandboxAdsAPIs
2025-11-24	22.903878	kPrivacySandboxAdsAPIs
2025-11-25	23.028045	kPrivacySandboxAdsAPIs
2025-11-26	23.388498	kPrivacySandboxAdsAPIs
2025-11-27	24.009302	kPrivacySandboxAdsAPIs
2025-11-28	25.405299	kPrivacySandboxAdsAPIs
2025-11-29	26.532259999999997	kPrivacySandboxAdsAPIs
2025-11-30	25.658498	kPrivacySandboxAdsAPIs
2025-12-01	22.609781	kPrivacySandboxAdsAPIs
2025-12-02	23.08796	kPrivacySandboxAdsAPIs
2025-12-03	23.109793	kPrivacySandboxAdsAPIs
2025-12-04	22.989166	kPrivacySandboxAdsAPIs
2025-12-05	23.451607	kPrivacySandboxAdsAPIs
2025-12-06	26.46969	kPrivacySandboxAdsAPIs
2025-12-07	25.868835	kPrivacySandboxAdsAPIs
2025-12-08	22.866953000000002	kPrivacySandboxAdsAPIs
2025-12-09	21.85088	kPrivacySandboxAdsAPIs
2025-12-10	20.810684000000002	kPrivacySandboxAdsAPIs
2025-12-11	24.477738000000002	kPrivacySandboxAdsAPIs
2025-12-12	24.879859	kPrivacySandboxAdsAPIs
2025-12-13	27.081858000000004	kPrivacySandboxAdsAPIs
2025-12-14	26.473835	kPrivacySandboxAdsAPIs
2025-12-15	23.686081	kPrivacySandboxAdsAPIs
2025-12-16	23.664454000000003	kPrivacySandboxAdsAPIs
2025-12-17	23.498279999999998	kPrivacySandboxAdsAPIs
2025-12-18	23.339868	kPrivacySandboxAdsAPIs
2025-12-19	23.922038	kPrivacySandboxAdsAPIs
2025-12-20	26.131816	kPrivacySandboxAdsAPIs
2025-12-21	25.556895	kPrivacySandboxAdsAPIs
2025-12-22	23.305929	kPrivacySandboxAdsAPIs
2025-12-23	23.365283	kPrivacySandboxAdsAPIs
2025-12-24	24.131482000000002	kPrivacySandboxAdsAPIs
2025-12-25	24.933049999999998	kPrivacySandboxAdsAPIs
2025-12-26	25.063848	kPrivacySandboxAdsAPIs
2025-12-27	26.031808	kPrivacySandboxAdsAPIs
2025-12-28	25.513442	kPrivacySandboxAdsAPIs
2025-12-29	23.765387	kPrivacySandboxAdsAPIs
2025-12-30	23.75438	kPrivacySandboxAdsAPIs
2025-12-31	24.805068	kPrivacySandboxAdsAPIs
2026-01-01	25.446579000000003	kPrivacySandboxAdsAPIs
2026-01-02	24.710281000000002	kPrivacySandboxAdsAPIs
2026-01-03	25.826341000000003	kPrivacySandboxAdsAPIs
2026-01-04	25.036623000000002	kPrivacySandboxAdsAPIs
2026-01-05	22.83018	kPrivacySandboxAdsAPIs
2026-01-06	23.023908000000002	kPrivacySandboxAdsAPIs
2026-01-07	22.906458	kPrivacySandboxAdsAPIs
2026-01-08	22.817099000000002	kPrivacySandboxAdsAPIs
2026-01-09	23.299452000000002	kPrivacySandboxAdsAPIs
2026-01-10	25.898443999999998	kPrivacySandboxAdsAPIs
2026-01-11	25.294620000000002	kPrivacySandboxAdsAPIs
2026-01-12	22.291681	kPrivacySandboxAdsAPIs
2026-01-13	22.256341000000003	kPrivacySandboxAdsAPIs
2026-01-14	22.522333	kPrivacySandboxAdsAPIs
2026-01-15	22.493266000000002	kPrivacySandboxAdsAPIs
2026-01-16	22.806111	kPrivacySandboxAdsAPIs
2026-01-17	25.601282000000005	kPrivacySandboxAdsAPIs
2026-01-18	24.976591	kPrivacySandboxAdsAPIs
2026-01-19	22.814075	kPrivacySandboxAdsAPIs
2026-01-20	21.931326000000002	kPrivacySandboxAdsAPIs
2026-01-21	21.301513999999997	kPrivacySandboxAdsAPIs
2026-01-22	20.341902	kPrivacySandboxAdsAPIs
2026-01-23	24.818874	kPrivacySandboxAdsAPIs
2026-01-24	27.054259999999996	kPrivacySandboxAdsAPIs
2026-01-25	26.460758000000002	kPrivacySandboxAdsAPIs
2026-01-26	23.561206000000002	kPrivacySandboxAdsAPIs
2026-01-27	23.090414	kPrivacySandboxAdsAPIs
2026-01-28	23.032474	kPrivacySandboxAdsAPIs
2026-01-29	22.477091	kPrivacySandboxAdsAPIs
2026-01-30	23.005645	kPrivacySandboxAdsAPIs
2026-01-31	25.077632	kPrivacySandboxAdsAPIs
2026-02-01	24.437856	kPrivacySandboxAdsAPIs
2026-02-02	22.004886000000003	kPrivacySandboxAdsAPIs
2026-02-03	21.846449	kPrivacySandboxAdsAPIs
2026-02-04	21.756614	kPrivacySandboxAdsAPIs
2026-02-05	21.660562	kPrivacySandboxAdsAPIs
2026-02-06	22.218177999999998	kPrivacySandboxAdsAPIs
2026-02-07	24.812338	kPrivacySandboxAdsAPIs
2026-02-08	24.294973	kPrivacySandboxAdsAPIs
2026-02-09	21.399818	kPrivacySandboxAdsAPIs
2026-02-10	21.398152	kPrivacySandboxAdsAPIs
2026-02-11	21.382716000000002	kPrivacySandboxAdsAPIs
2026-02-12	21.423834	kPrivacySandboxAdsAPIs
2026-02-13	22.022095999999998	kPrivacySandboxAdsAPIs
2026-02-14	24.264584	kPrivacySandboxAdsAPIs
2026-02-15	23.650962	kPrivacySandboxAdsAPIs
2026-02-16	21.859006	kPrivacySandboxAdsAPIs
2026-02-17	21.158417	kPrivacySandboxAdsAPIs
2026-02-18	20.627033	kPrivacySandboxAdsAPIs
2026-02-19	23.262515	kPrivacySandboxAdsAPIs
2026-02-20	23.402864	kPrivacySandboxAdsAPIs
2026-02-21	25.600977000000004	kPrivacySandboxAdsAPIs
2026-02-22	25.017786000000005	kPrivacySandboxAdsAPIs
2026-02-23	22.117165	kPrivacySandboxAdsAPIs
2026-02-24	22.010412000000002	kPrivacySandboxAdsAPIs
2026-02-25	22.032669	kPrivacySandboxAdsAPIs
2026-02-26	21.736236	kPrivacySandboxAdsAPIs
2026-02-27	22.337269999999997	kPrivacySandboxAdsAPIs
2026-02-28	24.921395	kPrivacySandboxAdsAPIs
2026-03-01	24.301735	kPrivacySandboxAdsAPIs
2026-03-02	21.833738999999998	kPrivacySandboxAdsAPIs
2026-03-03	21.873956	kPrivacySandboxAdsAPIs
2026-03-04	21.811579000000002	kPrivacySandboxAdsAPIs
2026-03-05	21.149806	kPrivacySandboxAdsAPIs
2026-03-06	21.993008	kPrivacySandboxAdsAPIs
2026-03-07	24.55925	kPrivacySandboxAdsAPIs
2026-03-08	23.990329	kPrivacySandboxAdsAPIs
2026-03-09	21.215629	kPrivacySandboxAdsAPIs
2026-03-10	21.259809999999998	kPrivacySandboxAdsAPIs
2026-03-11	21.373981999999998	kPrivacySandboxAdsAPIs
2026-03-12	21.257566999999998	kPrivacySandboxAdsAPIs
2026-03-13	21.267261	kPrivacySandboxAdsAPIs
2026-03-14	23.47711	kPrivacySandboxAdsAPIs
2026-03-15	23.002834	kPrivacySandboxAdsAPIs
2026-03-16	20.330797	kPrivacySandboxAdsAPIs
2026-03-17	19.848439000000003	kPrivacySandboxAdsAPIs
2026-03-18	22.249237	kPrivacySandboxAdsAPIs
2026-03-19	22.062543	kPrivacySandboxAdsAPIs
2026-03-20	22.32351	kPrivacySandboxAdsAPIs
2026-03-21	24.164133000000003	kPrivacySandboxAdsAPIs
2026-03-22	23.731171	kPrivacySandboxAdsAPIs
2026-03-23	21.222168	kPrivacySandboxAdsAPIs
2026-03-24	20.81018	kPrivacySandboxAdsAPIs
2026-03-25	20.581956	kPrivacySandboxAdsAPIs
2026-03-26	20.640464	kPrivacySandboxAdsAPIs
2026-03-27	21.02864	kPrivacySandboxAdsAPIs
2026-03-28	23.016444	kPrivacySandboxAdsAPIs
2026-03-29	22.498212000000002	kPrivacySandboxAdsAPIs
2026-03-30	20.226389	kPrivacySandboxAdsAPIs
2026-03-31	20.24596	kPrivacySandboxAdsAPIs
2026-04-01	20.094659	kPrivacySandboxAdsAPIs
2026-04-02	20.361631	kPrivacySandboxAdsAPIs
2026-04-03	21.77501	kPrivacySandboxAdsAPIs
2026-04-04	23.064902	kPrivacySandboxAdsAPIs
2026-04-05	22.660194999999998	kPrivacySandboxAdsAPIs
2026-04-06	20.513399999999997	kPrivacySandboxAdsAPIs
2026-04-07	20.094853	kPrivacySandboxAdsAPIs
2026-04-08	20.071962000000003	kPrivacySandboxAdsAPIs
2026-04-09	20.01824	kPrivacySandboxAdsAPIs
2026-04-10	20.364168	kPrivacySandboxAdsAPIs
2026-04-11	22.538925000000003	kPrivacySandboxAdsAPIs
2026-04-12	22.280858000000002	kPrivacySandboxAdsAPIs
2026-04-13	19.837822	kPrivacySandboxAdsAPIs
2026-04-14	20.576556	kPrivacySandboxAdsAPIs
2026-04-15	20.074828	kPrivacySandboxAdsAPIs
2026-04-16	20.496977	kPrivacySandboxAdsAPIs
2026-04-17	21.21501	kPrivacySandboxAdsAPIs
2026-04-18	23.588927	kPrivacySandboxAdsAPIs
2026-04-19	23.028389	kPrivacySandboxAdsAPIs
2026-04-20	20.604728	kPrivacySandboxAdsAPIs
2026-04-21	20.812337	kPrivacySandboxAdsAPIs
2026-04-22	20.630194000000003	kPrivacySandboxAdsAPIs
2026-04-23	20.606664	kPrivacySandboxAdsAPIs
2026-04-24	21.111401	kPrivacySandboxAdsAPIs
2026-04-25	23.356576	kPrivacySandboxAdsAPIs
2026-04-26	22.798544	kPrivacySandboxAdsAPIs
2026-04-27	20.3361	kPrivacySandboxAdsAPIs
2026-04-28	20.397664000000002	kPrivacySandboxAdsAPIs
2026-04-29	20.221254	kPrivacySandboxAdsAPIs
2026-04-30	20.269097	kPrivacySandboxAdsAPIs
2026-05-01	21.465442000000003	kPrivacySandboxAdsAPIs
2026-05-02	22.968829999999997	kPrivacySandboxAdsAPIs
2026-05-03	22.648474	kPrivacySandboxAdsAPIs
2026-05-04	19.954639	kPrivacySandboxAdsAPIs
2026-05-05	20.059563999999998	kPrivacySandboxAdsAPIs
2026-05-06	19.901401	kPrivacySandboxAdsAPIs
2026-05-07	19.889767	kPrivacySandboxAdsAPIs
2026-05-08	20.295692000000003	kPrivacySandboxAdsAPIs
2026-05-09	22.414959999999997	kPrivacySandboxAdsAPIs
2026-05-10	21.996022	kPrivacySandboxAdsAPIs
2026-05-11	19.680403	kPrivacySandboxAdsAPIs
2026-05-12	19.253309	kPrivacySandboxAdsAPIs
2026-05-13	20.802045	kPrivacySandboxAdsAPIs
2026-05-14	20.865293	kPrivacySandboxAdsAPIs
2026-05-15	21.217281000000003	kPrivacySandboxAdsAPIs
2026-05-16	23.309203	kPrivacySandboxAdsAPIs
2026-05-17	22.792016	kPrivacySandboxAdsAPIs
2026-05-18	20.378241	kPrivacySandboxAdsAPIs
2026-05-19	20.307705000000002	kPrivacySandboxAdsAPIs
2026-05-20	20.285637	kPrivacySandboxAdsAPIs
2026-05-21	20.176039999999997	kPrivacySandboxAdsAPIs
2026-05-22	20.297608	kPrivacySandboxAdsAPIs
2026-05-23	22.108441	kPrivacySandboxAdsAPIs
2026-05-24	21.882293	kPrivacySandboxAdsAPIs
2026-05-25	20.378186	kPrivacySandboxAdsAPIs
2026-05-26	19.811576	kPrivacySandboxAdsAPIs
2026-05-27	19.717934	kPrivacySandboxAdsAPIs
2026-05-28	19.62904	kPrivacySandboxAdsAPIs
2026-05-29	19.897538	kPrivacySandboxAdsAPIs
2026-05-30	21.705204000000002	kPrivacySandboxAdsAPIs
2026-05-31	21.46502	kPrivacySandboxAdsAPIs
2026-06-01	19.448799	kPrivacySandboxAdsAPIs
2026-06-02	19.632273	kPrivacySandboxAdsAPIs
2026-06-03	19.570983000000002	kPrivacySandboxAdsAPIs
2026-06-04	19.652588	kPrivacySandboxAdsAPIs
2026-06-05	19.821435	kPrivacySandboxAdsAPIs
2026-06-06	21.389095	kPrivacySandboxAdsAPIs
2026-06-07	21.090055	kPrivacySandboxAdsAPIs
2026-06-08	17.605036000000002	kPrivacySandboxAdsAPIs
